-- MySQL dump 10.19  Distrib 10.3.34-MariaDB, for debian-linux-gnu (x86_64)
--
-- Host: localhost    Database: lacq_app
-- ------------------------------------------------------
-- Server version	10.3.34-MariaDB-0ubuntu0.20.04.1

/*!40101 SET @OLD_CHARACTER_SET_CLIENT=@@CHARACTER_SET_CLIENT */;
/*!40101 SET @OLD_CHARACTER_SET_RESULTS=@@CHARACTER_SET_RESULTS */;
/*!40101 SET @OLD_COLLATION_CONNECTION=@@COLLATION_CONNECTION */;
/*!40101 SET NAMES utf8mb4 */;
/*!40103 SET @OLD_TIME_ZONE=@@TIME_ZONE */;
/*!40103 SET TIME_ZONE='+00:00' */;
/*!40014 SET @OLD_UNIQUE_CHECKS=@@UNIQUE_CHECKS, UNIQUE_CHECKS=0 */;
/*!40014 SET @OLD_FOREIGN_KEY_CHECKS=@@FOREIGN_KEY_CHECKS, FOREIGN_KEY_CHECKS=0 */;
/*!40101 SET @OLD_SQL_MODE=@@SQL_MODE, SQL_MODE='NO_AUTO_VALUE_ON_ZERO' */;
/*!40111 SET @OLD_SQL_NOTES=@@SQL_NOTES, SQL_NOTES=0 */;

--
-- Table structure for table `activitys`
--

DROP TABLE IF EXISTS `activitys`;
/*!40101 SET @saved_cs_client     = @@character_set_client */;
/*!40101 SET character_set_client = utf8 */;
CREATE TABLE `activitys` (
  `id` bigint(20) unsigned NOT NULL AUTO_INCREMENT,
  `activity` varchar(255) COLLATE utf8mb4_unicode_ci NOT NULL,
  `name` varchar(255) COLLATE utf8mb4_unicode_ci NOT NULL,
  `created_at` timestamp NULL DEFAULT NULL,
  `updated_at` timestamp NULL DEFAULT NULL,
  PRIMARY KEY (`id`)
) ENGINE=InnoDB AUTO_INCREMENT=7 DEFAULT CHARSET=utf8mb4 COLLATE=utf8mb4_unicode_ci;
/*!40101 SET character_set_client = @saved_cs_client */;

--
-- Dumping data for table `activitys`
--

LOCK TABLES `activitys` WRITE;
/*!40000 ALTER TABLE `activitys` DISABLE KEYS */;
INSERT INTO `activitys` VALUES (1,'userController@index','index of users',NULL,NULL),(2,'userController@create','page de creation des utilisateurs',NULL,NULL),(3,'userController@create','page de creation des utilisateurs',NULL,NULL),(4,'userController@edit','page de edition des utilisateurs',NULL,NULL),(5,'userController@update','utilisateur modifier',NULL,NULL),(6,'userController@destroy','remove utilisateurs',NULL,NULL);
/*!40000 ALTER TABLE `activitys` ENABLE KEYS */;
UNLOCK TABLES;

--
-- Table structure for table `analyse_ameo`
--

DROP TABLE IF EXISTS `analyse_ameo`;
/*!40101 SET @saved_cs_client     = @@character_set_client */;
/*!40101 SET character_set_client = utf8 */;
CREATE TABLE `analyse_ameo` (
  `id` bigint(20) unsigned NOT NULL AUTO_INCREMENT,
  `commande_id` bigint(20) unsigned NOT NULL,
  `MS` double(8,2) DEFAULT NULL,
  `Etat` varchar(255) COLLATE utf8mb4_unicode_ci DEFAULT NULL,
  `PH` double(8,2) DEFAULT NULL,
  `EC` double(8,2) DEFAULT NULL,
  `NTK` double(8,2) DEFAULT NULL,
  `PT` double(8,2) DEFAULT NULL,
  `K` double(8,2) DEFAULT NULL,
  `Na` double(8,2) DEFAULT NULL,
  `Ca` double(8,2) DEFAULT NULL,
  `Mg` double(8,2) DEFAULT NULL,
  `M_O` double(8,2) DEFAULT NULL,
  `Zn` double(8,2) DEFAULT NULL,
  `Cu` double(8,2) DEFAULT NULL,
  `Mn` double(8,2) DEFAULT NULL,
  `Fe` double(8,2) DEFAULT NULL,
  `B` double(8,2) DEFAULT NULL,
  `Cl` double(8,2) DEFAULT NULL,
  `MN_NH4` double(8,2) DEFAULT NULL,
  `N_NO3` double(8,2) DEFAULT NULL,
  `As` double(8,2) DEFAULT NULL,
  `Cd` double(8,2) DEFAULT NULL,
  `Co` double(8,2) DEFAULT NULL,
  `Cr` double(8,2) DEFAULT NULL,
  `Hg` double(8,2) DEFAULT NULL,
  `Mo` double(8,2) DEFAULT NULL,
  `Ni` double(8,2) DEFAULT NULL,
  `Pb` double(8,2) DEFAULT NULL,
  `Se` double(8,2) DEFAULT NULL,
  `M_V` double(8,2) DEFAULT NULL,
  `Refus` double(8,2) DEFAULT NULL,
  `deleted_at` timestamp NULL DEFAULT NULL,
  `created_at` timestamp NULL DEFAULT NULL,
  `updated_at` timestamp NULL DEFAULT NULL,
  PRIMARY KEY (`id`),
  KEY `analyse_ameo_commande_id_foreign` (`commande_id`),
  CONSTRAINT `analyse_ameo_commande_id_foreign` FOREIGN KEY (`commande_id`) REFERENCES `commandes` (`id`) ON DELETE CASCADE ON UPDATE CASCADE
) ENGINE=InnoDB AUTO_INCREMENT=95 DEFAULT CHARSET=utf8mb4 COLLATE=utf8mb4_unicode_ci;
/*!40101 SET character_set_client = @saved_cs_client */;

--
-- Dumping data for table `analyse_ameo`
--

LOCK TABLES `analyse_ameo` WRITE;
/*!40000 ALTER TABLE `analyse_ameo` DISABLE KEYS */;
INSERT INTO `analyse_ameo` VALUES (1,85,NULL,NULL,NULL,NULL,NULL,NULL,NULL,NULL,NULL,NULL,NULL,NULL,NULL,NULL,NULL,NULL,NULL,NULL,NULL,NULL,NULL,NULL,NULL,NULL,NULL,NULL,NULL,NULL,NULL,NULL,NULL,NULL,NULL),(2,87,NULL,NULL,NULL,NULL,NULL,NULL,NULL,NULL,NULL,NULL,NULL,NULL,NULL,NULL,NULL,NULL,NULL,NULL,NULL,NULL,NULL,NULL,NULL,NULL,NULL,NULL,NULL,NULL,NULL,NULL,NULL,NULL,NULL),(3,89,NULL,NULL,NULL,NULL,NULL,NULL,NULL,NULL,NULL,NULL,NULL,NULL,NULL,NULL,NULL,NULL,NULL,NULL,NULL,NULL,NULL,NULL,NULL,NULL,NULL,NULL,NULL,NULL,NULL,NULL,NULL,NULL,NULL),(4,91,NULL,NULL,NULL,NULL,NULL,NULL,NULL,NULL,NULL,NULL,NULL,NULL,NULL,NULL,NULL,NULL,NULL,NULL,NULL,NULL,NULL,NULL,NULL,NULL,NULL,NULL,NULL,NULL,NULL,NULL,NULL,NULL,NULL),(5,93,NULL,NULL,NULL,NULL,NULL,NULL,NULL,NULL,NULL,NULL,NULL,NULL,NULL,NULL,NULL,NULL,NULL,NULL,NULL,NULL,NULL,NULL,NULL,NULL,NULL,NULL,NULL,NULL,NULL,NULL,NULL,NULL,NULL),(6,95,NULL,NULL,NULL,NULL,NULL,NULL,NULL,NULL,NULL,NULL,NULL,NULL,NULL,NULL,NULL,NULL,NULL,NULL,NULL,NULL,NULL,NULL,NULL,NULL,NULL,NULL,NULL,NULL,NULL,NULL,NULL,NULL,NULL),(7,97,NULL,NULL,NULL,NULL,NULL,NULL,NULL,NULL,NULL,NULL,NULL,NULL,NULL,NULL,NULL,NULL,NULL,NULL,NULL,NULL,NULL,NULL,NULL,NULL,NULL,NULL,NULL,NULL,NULL,NULL,NULL,NULL,NULL),(8,99,NULL,NULL,NULL,NULL,NULL,NULL,NULL,NULL,NULL,NULL,NULL,NULL,NULL,NULL,NULL,NULL,NULL,NULL,NULL,NULL,NULL,NULL,NULL,NULL,NULL,NULL,NULL,NULL,NULL,NULL,NULL,NULL,NULL),(9,101,NULL,NULL,NULL,NULL,NULL,NULL,NULL,NULL,NULL,NULL,NULL,NULL,NULL,NULL,NULL,NULL,NULL,NULL,NULL,NULL,NULL,NULL,NULL,NULL,NULL,NULL,NULL,NULL,NULL,NULL,NULL,NULL,NULL),(10,103,NULL,NULL,NULL,NULL,NULL,NULL,NULL,NULL,NULL,NULL,NULL,NULL,NULL,NULL,NULL,NULL,NULL,NULL,NULL,NULL,NULL,NULL,NULL,NULL,NULL,NULL,NULL,NULL,NULL,NULL,NULL,NULL,NULL),(11,105,NULL,NULL,NULL,NULL,NULL,NULL,NULL,NULL,NULL,NULL,NULL,NULL,NULL,NULL,NULL,NULL,NULL,NULL,NULL,NULL,NULL,NULL,NULL,NULL,NULL,NULL,NULL,NULL,NULL,NULL,NULL,NULL,NULL),(12,107,NULL,NULL,NULL,NULL,NULL,NULL,NULL,NULL,NULL,NULL,NULL,NULL,NULL,NULL,NULL,NULL,NULL,NULL,NULL,NULL,NULL,NULL,NULL,NULL,NULL,NULL,NULL,NULL,NULL,NULL,NULL,NULL,NULL),(13,136,NULL,NULL,NULL,NULL,NULL,NULL,NULL,NULL,NULL,NULL,NULL,NULL,NULL,NULL,NULL,NULL,NULL,NULL,NULL,NULL,NULL,NULL,NULL,NULL,NULL,NULL,NULL,NULL,NULL,NULL,NULL,NULL,NULL),(14,137,NULL,NULL,NULL,NULL,NULL,NULL,NULL,NULL,NULL,NULL,NULL,NULL,NULL,NULL,NULL,NULL,NULL,NULL,NULL,NULL,NULL,NULL,NULL,NULL,NULL,NULL,NULL,NULL,NULL,NULL,NULL,NULL,NULL),(15,138,NULL,NULL,NULL,NULL,NULL,NULL,NULL,NULL,NULL,NULL,NULL,NULL,NULL,NULL,NULL,NULL,NULL,NULL,NULL,NULL,NULL,NULL,NULL,NULL,NULL,NULL,NULL,NULL,NULL,NULL,NULL,NULL,NULL),(16,139,NULL,NULL,NULL,NULL,NULL,NULL,NULL,NULL,NULL,NULL,NULL,NULL,NULL,NULL,NULL,NULL,NULL,NULL,NULL,NULL,NULL,NULL,NULL,NULL,NULL,NULL,NULL,NULL,NULL,NULL,NULL,NULL,NULL),(17,144,NULL,NULL,NULL,NULL,NULL,NULL,NULL,NULL,NULL,NULL,NULL,NULL,NULL,NULL,NULL,NULL,NULL,NULL,NULL,NULL,NULL,NULL,NULL,NULL,NULL,NULL,NULL,NULL,NULL,NULL,NULL,NULL,NULL),(18,145,NULL,NULL,NULL,NULL,NULL,NULL,NULL,NULL,NULL,NULL,NULL,NULL,NULL,NULL,NULL,NULL,NULL,NULL,NULL,NULL,NULL,NULL,NULL,NULL,NULL,NULL,NULL,NULL,NULL,NULL,NULL,NULL,NULL),(19,146,NULL,NULL,NULL,NULL,NULL,NULL,NULL,NULL,NULL,NULL,NULL,NULL,NULL,NULL,NULL,NULL,NULL,NULL,NULL,NULL,NULL,NULL,NULL,NULL,NULL,NULL,NULL,NULL,NULL,NULL,NULL,NULL,NULL),(20,147,NULL,NULL,NULL,NULL,NULL,NULL,NULL,NULL,NULL,NULL,NULL,NULL,NULL,NULL,NULL,NULL,NULL,NULL,NULL,NULL,NULL,NULL,NULL,NULL,NULL,NULL,NULL,NULL,NULL,NULL,NULL,NULL,NULL),(21,152,NULL,NULL,NULL,NULL,NULL,NULL,NULL,NULL,NULL,NULL,NULL,NULL,NULL,NULL,NULL,NULL,NULL,NULL,NULL,NULL,NULL,NULL,NULL,NULL,NULL,NULL,NULL,NULL,NULL,NULL,NULL,NULL,NULL),(22,153,NULL,NULL,NULL,NULL,NULL,NULL,NULL,NULL,NULL,NULL,NULL,NULL,NULL,NULL,NULL,NULL,NULL,NULL,NULL,NULL,NULL,NULL,NULL,NULL,NULL,NULL,NULL,NULL,NULL,NULL,NULL,NULL,NULL),(23,154,NULL,NULL,NULL,NULL,NULL,NULL,NULL,NULL,NULL,NULL,NULL,NULL,NULL,NULL,NULL,NULL,NULL,NULL,NULL,NULL,NULL,NULL,NULL,NULL,NULL,NULL,NULL,NULL,NULL,NULL,NULL,NULL,NULL),(24,155,NULL,NULL,NULL,NULL,NULL,NULL,NULL,NULL,NULL,NULL,NULL,NULL,NULL,NULL,NULL,NULL,NULL,NULL,NULL,NULL,NULL,NULL,NULL,NULL,NULL,NULL,NULL,NULL,NULL,NULL,NULL,NULL,NULL),(25,156,NULL,NULL,NULL,NULL,NULL,NULL,NULL,NULL,NULL,NULL,NULL,NULL,NULL,NULL,NULL,NULL,NULL,NULL,NULL,NULL,NULL,NULL,NULL,NULL,NULL,NULL,NULL,NULL,NULL,NULL,NULL,NULL,NULL),(26,157,NULL,NULL,NULL,NULL,NULL,NULL,NULL,NULL,NULL,NULL,NULL,NULL,NULL,NULL,NULL,NULL,NULL,NULL,NULL,NULL,NULL,NULL,NULL,NULL,NULL,NULL,NULL,NULL,NULL,NULL,NULL,NULL,NULL),(27,158,NULL,NULL,NULL,NULL,NULL,NULL,NULL,NULL,NULL,NULL,NULL,NULL,NULL,NULL,NULL,NULL,NULL,NULL,NULL,NULL,NULL,NULL,NULL,NULL,NULL,NULL,NULL,NULL,NULL,NULL,NULL,NULL,NULL),(28,11,NULL,NULL,NULL,NULL,NULL,NULL,NULL,NULL,NULL,NULL,NULL,NULL,NULL,NULL,NULL,NULL,NULL,NULL,NULL,NULL,NULL,NULL,NULL,NULL,NULL,NULL,NULL,NULL,NULL,NULL,NULL,NULL,NULL),(29,12,NULL,NULL,NULL,NULL,NULL,NULL,NULL,NULL,NULL,NULL,NULL,NULL,NULL,NULL,NULL,NULL,NULL,NULL,NULL,NULL,NULL,NULL,NULL,NULL,NULL,NULL,NULL,NULL,NULL,NULL,NULL,NULL,NULL),(30,13,NULL,NULL,NULL,NULL,NULL,NULL,NULL,NULL,NULL,NULL,NULL,NULL,NULL,NULL,NULL,NULL,NULL,NULL,NULL,NULL,NULL,NULL,NULL,NULL,NULL,NULL,NULL,NULL,NULL,NULL,NULL,NULL,NULL),(31,14,NULL,NULL,NULL,NULL,NULL,NULL,NULL,NULL,NULL,NULL,NULL,NULL,NULL,NULL,NULL,NULL,NULL,NULL,NULL,NULL,NULL,NULL,NULL,NULL,NULL,NULL,NULL,NULL,NULL,NULL,NULL,NULL,NULL),(32,15,NULL,NULL,NULL,NULL,NULL,NULL,NULL,NULL,NULL,NULL,NULL,NULL,NULL,NULL,NULL,NULL,NULL,NULL,NULL,NULL,NULL,NULL,NULL,NULL,NULL,NULL,NULL,NULL,NULL,NULL,NULL,NULL,NULL),(33,16,NULL,NULL,NULL,NULL,NULL,NULL,NULL,NULL,NULL,NULL,NULL,NULL,NULL,NULL,NULL,NULL,NULL,NULL,NULL,NULL,NULL,NULL,NULL,NULL,NULL,NULL,NULL,NULL,NULL,NULL,NULL,NULL,NULL),(34,17,NULL,NULL,NULL,NULL,NULL,NULL,NULL,NULL,NULL,NULL,NULL,NULL,NULL,NULL,NULL,NULL,NULL,NULL,NULL,NULL,NULL,NULL,NULL,NULL,NULL,NULL,NULL,NULL,NULL,NULL,NULL,NULL,NULL),(35,18,NULL,NULL,NULL,NULL,NULL,NULL,NULL,NULL,NULL,NULL,NULL,NULL,NULL,NULL,NULL,NULL,NULL,NULL,NULL,NULL,NULL,NULL,NULL,NULL,NULL,NULL,NULL,NULL,NULL,NULL,NULL,NULL,NULL),(36,19,NULL,NULL,NULL,NULL,NULL,NULL,NULL,NULL,NULL,NULL,NULL,NULL,NULL,NULL,NULL,NULL,NULL,NULL,NULL,NULL,NULL,NULL,NULL,NULL,NULL,NULL,NULL,NULL,NULL,NULL,NULL,NULL,NULL),(37,20,NULL,NULL,NULL,NULL,NULL,NULL,NULL,NULL,NULL,NULL,NULL,NULL,NULL,NULL,NULL,NULL,NULL,NULL,NULL,NULL,NULL,NULL,NULL,NULL,NULL,NULL,NULL,NULL,NULL,NULL,NULL,NULL,NULL),(38,21,NULL,NULL,NULL,NULL,NULL,NULL,NULL,NULL,NULL,NULL,NULL,NULL,NULL,NULL,NULL,NULL,NULL,NULL,NULL,NULL,NULL,NULL,NULL,NULL,NULL,NULL,NULL,NULL,NULL,NULL,NULL,NULL,NULL),(39,22,NULL,NULL,NULL,NULL,NULL,NULL,NULL,NULL,NULL,NULL,NULL,NULL,NULL,NULL,NULL,NULL,NULL,NULL,NULL,NULL,NULL,NULL,NULL,NULL,NULL,NULL,NULL,NULL,NULL,NULL,NULL,NULL,NULL),(40,23,NULL,NULL,NULL,NULL,NULL,NULL,NULL,NULL,NULL,NULL,NULL,NULL,NULL,NULL,NULL,NULL,NULL,NULL,NULL,NULL,NULL,NULL,NULL,NULL,NULL,NULL,NULL,NULL,NULL,NULL,NULL,NULL,NULL),(41,24,NULL,NULL,NULL,NULL,NULL,NULL,NULL,NULL,NULL,NULL,NULL,NULL,NULL,NULL,NULL,NULL,NULL,NULL,NULL,NULL,NULL,NULL,NULL,NULL,NULL,NULL,NULL,NULL,NULL,NULL,NULL,NULL,NULL),(42,25,NULL,NULL,NULL,NULL,NULL,NULL,NULL,NULL,NULL,NULL,NULL,NULL,NULL,NULL,NULL,NULL,NULL,NULL,NULL,NULL,NULL,NULL,NULL,NULL,NULL,NULL,NULL,NULL,NULL,NULL,NULL,NULL,NULL),(43,26,NULL,NULL,NULL,NULL,NULL,NULL,NULL,NULL,NULL,NULL,NULL,NULL,NULL,NULL,NULL,NULL,NULL,NULL,NULL,NULL,NULL,NULL,NULL,NULL,NULL,NULL,NULL,NULL,NULL,NULL,NULL,NULL,NULL),(44,27,NULL,NULL,NULL,NULL,NULL,NULL,NULL,NULL,NULL,NULL,NULL,NULL,NULL,NULL,NULL,NULL,NULL,NULL,NULL,NULL,NULL,NULL,NULL,NULL,NULL,NULL,NULL,NULL,NULL,NULL,NULL,NULL,NULL),(45,28,NULL,NULL,NULL,NULL,NULL,NULL,NULL,NULL,NULL,NULL,NULL,NULL,NULL,NULL,NULL,NULL,NULL,NULL,NULL,NULL,NULL,NULL,NULL,NULL,NULL,NULL,NULL,NULL,NULL,NULL,NULL,NULL,NULL),(46,29,NULL,NULL,NULL,NULL,NULL,NULL,NULL,NULL,NULL,NULL,NULL,NULL,NULL,NULL,NULL,NULL,NULL,NULL,NULL,NULL,NULL,NULL,NULL,NULL,NULL,NULL,NULL,NULL,NULL,NULL,NULL,NULL,NULL),(47,30,NULL,NULL,NULL,NULL,NULL,NULL,NULL,NULL,NULL,NULL,NULL,NULL,NULL,NULL,NULL,NULL,NULL,NULL,NULL,NULL,NULL,NULL,NULL,NULL,NULL,NULL,NULL,NULL,NULL,NULL,NULL,NULL,NULL),(48,31,NULL,NULL,NULL,NULL,NULL,NULL,NULL,NULL,NULL,NULL,NULL,NULL,NULL,NULL,NULL,NULL,NULL,NULL,NULL,NULL,NULL,NULL,NULL,NULL,NULL,NULL,NULL,NULL,NULL,NULL,NULL,NULL,NULL),(49,32,NULL,NULL,NULL,NULL,NULL,NULL,NULL,NULL,NULL,NULL,NULL,NULL,NULL,NULL,NULL,NULL,NULL,NULL,NULL,NULL,NULL,NULL,NULL,NULL,NULL,NULL,NULL,NULL,NULL,NULL,NULL,NULL,NULL),(50,33,NULL,NULL,NULL,NULL,NULL,NULL,NULL,NULL,NULL,NULL,NULL,NULL,NULL,NULL,NULL,NULL,NULL,NULL,NULL,NULL,NULL,NULL,NULL,NULL,NULL,NULL,NULL,NULL,NULL,NULL,NULL,NULL,NULL),(51,34,NULL,NULL,NULL,NULL,NULL,NULL,NULL,NULL,NULL,NULL,NULL,NULL,NULL,NULL,NULL,NULL,NULL,NULL,NULL,NULL,NULL,NULL,NULL,NULL,NULL,NULL,NULL,NULL,NULL,NULL,NULL,NULL,NULL),(52,35,NULL,NULL,NULL,NULL,NULL,NULL,NULL,NULL,NULL,NULL,NULL,NULL,NULL,NULL,NULL,NULL,NULL,NULL,NULL,NULL,NULL,NULL,NULL,NULL,NULL,NULL,NULL,NULL,NULL,NULL,NULL,NULL,NULL),(53,36,NULL,NULL,NULL,NULL,NULL,NULL,NULL,NULL,NULL,NULL,NULL,NULL,NULL,NULL,NULL,NULL,NULL,NULL,NULL,NULL,NULL,NULL,NULL,NULL,NULL,NULL,NULL,NULL,NULL,NULL,NULL,NULL,NULL),(54,37,NULL,NULL,NULL,NULL,NULL,NULL,NULL,NULL,NULL,NULL,NULL,NULL,NULL,NULL,NULL,NULL,NULL,NULL,NULL,NULL,NULL,NULL,NULL,NULL,NULL,NULL,NULL,NULL,NULL,NULL,NULL,NULL,NULL),(55,38,NULL,NULL,NULL,NULL,NULL,NULL,NULL,NULL,NULL,NULL,NULL,NULL,NULL,NULL,NULL,NULL,NULL,NULL,NULL,NULL,NULL,NULL,NULL,NULL,NULL,NULL,NULL,NULL,NULL,NULL,NULL,NULL,NULL),(56,39,NULL,NULL,NULL,NULL,NULL,NULL,NULL,NULL,NULL,NULL,NULL,NULL,NULL,NULL,NULL,NULL,NULL,NULL,NULL,NULL,NULL,NULL,NULL,NULL,NULL,NULL,NULL,NULL,NULL,NULL,NULL,NULL,NULL),(57,40,NULL,NULL,NULL,NULL,NULL,NULL,NULL,NULL,NULL,NULL,NULL,NULL,NULL,NULL,NULL,NULL,NULL,NULL,NULL,NULL,NULL,NULL,NULL,NULL,NULL,NULL,NULL,NULL,NULL,NULL,NULL,NULL,NULL),(58,41,NULL,NULL,NULL,NULL,NULL,NULL,NULL,NULL,NULL,NULL,NULL,NULL,NULL,NULL,NULL,NULL,NULL,NULL,NULL,NULL,NULL,NULL,NULL,NULL,NULL,NULL,NULL,NULL,NULL,NULL,NULL,NULL,NULL),(59,42,NULL,NULL,NULL,NULL,NULL,NULL,NULL,NULL,NULL,NULL,NULL,NULL,NULL,NULL,NULL,NULL,NULL,NULL,NULL,NULL,NULL,NULL,NULL,NULL,NULL,NULL,NULL,NULL,NULL,NULL,NULL,NULL,NULL),(60,43,NULL,NULL,NULL,NULL,NULL,NULL,NULL,NULL,NULL,NULL,NULL,NULL,NULL,NULL,NULL,NULL,NULL,NULL,NULL,NULL,NULL,NULL,NULL,NULL,NULL,NULL,NULL,NULL,NULL,NULL,NULL,NULL,NULL),(61,44,NULL,NULL,NULL,NULL,NULL,NULL,NULL,NULL,NULL,NULL,NULL,NULL,NULL,NULL,NULL,NULL,NULL,NULL,NULL,NULL,NULL,NULL,NULL,NULL,NULL,NULL,NULL,NULL,NULL,NULL,NULL,NULL,NULL),(62,45,NULL,NULL,NULL,NULL,NULL,NULL,NULL,NULL,NULL,NULL,NULL,NULL,NULL,NULL,NULL,NULL,NULL,NULL,NULL,NULL,NULL,NULL,NULL,NULL,NULL,NULL,NULL,NULL,NULL,NULL,NULL,NULL,NULL),(63,56,NULL,NULL,NULL,NULL,NULL,NULL,NULL,NULL,NULL,NULL,NULL,NULL,NULL,NULL,NULL,NULL,NULL,NULL,NULL,NULL,NULL,NULL,NULL,NULL,NULL,NULL,NULL,NULL,NULL,NULL,NULL,NULL,NULL),(64,57,NULL,NULL,NULL,NULL,NULL,NULL,NULL,NULL,NULL,NULL,NULL,NULL,NULL,NULL,NULL,NULL,NULL,NULL,NULL,NULL,NULL,NULL,NULL,NULL,NULL,NULL,NULL,NULL,NULL,NULL,NULL,NULL,NULL),(65,58,NULL,NULL,NULL,NULL,NULL,NULL,NULL,NULL,NULL,NULL,NULL,NULL,NULL,NULL,NULL,NULL,NULL,NULL,NULL,NULL,NULL,NULL,NULL,NULL,NULL,NULL,NULL,NULL,NULL,NULL,NULL,NULL,NULL),(66,59,NULL,NULL,NULL,NULL,NULL,NULL,NULL,NULL,NULL,NULL,NULL,NULL,NULL,NULL,NULL,NULL,NULL,NULL,NULL,NULL,NULL,NULL,NULL,NULL,NULL,NULL,NULL,NULL,NULL,NULL,NULL,NULL,NULL),(67,60,NULL,NULL,NULL,NULL,NULL,NULL,NULL,NULL,NULL,NULL,NULL,NULL,NULL,NULL,NULL,NULL,NULL,NULL,NULL,NULL,NULL,NULL,NULL,NULL,NULL,NULL,NULL,NULL,NULL,NULL,NULL,NULL,NULL),(68,61,NULL,NULL,NULL,NULL,NULL,NULL,NULL,NULL,NULL,NULL,NULL,NULL,NULL,NULL,NULL,NULL,NULL,NULL,NULL,NULL,NULL,NULL,NULL,NULL,NULL,NULL,NULL,NULL,NULL,NULL,NULL,NULL,NULL),(69,62,NULL,NULL,NULL,NULL,NULL,NULL,NULL,NULL,NULL,NULL,NULL,NULL,NULL,NULL,NULL,NULL,NULL,NULL,NULL,NULL,NULL,NULL,NULL,NULL,NULL,NULL,NULL,NULL,NULL,NULL,NULL,NULL,NULL),(70,63,NULL,NULL,NULL,NULL,NULL,NULL,NULL,NULL,NULL,NULL,NULL,NULL,NULL,NULL,NULL,NULL,NULL,NULL,NULL,NULL,NULL,NULL,NULL,NULL,NULL,NULL,NULL,NULL,NULL,NULL,NULL,NULL,NULL),(71,64,NULL,NULL,NULL,NULL,NULL,NULL,NULL,NULL,NULL,NULL,NULL,NULL,NULL,NULL,NULL,NULL,NULL,NULL,NULL,NULL,NULL,NULL,NULL,NULL,NULL,NULL,NULL,NULL,NULL,NULL,NULL,NULL,NULL),(72,65,NULL,NULL,NULL,NULL,NULL,NULL,NULL,NULL,NULL,NULL,NULL,NULL,NULL,NULL,NULL,NULL,NULL,NULL,NULL,NULL,NULL,NULL,NULL,NULL,NULL,NULL,NULL,NULL,NULL,NULL,NULL,NULL,NULL),(73,66,NULL,NULL,NULL,NULL,NULL,NULL,NULL,NULL,NULL,NULL,NULL,NULL,NULL,NULL,NULL,NULL,NULL,NULL,NULL,NULL,NULL,NULL,NULL,NULL,NULL,NULL,NULL,NULL,NULL,NULL,NULL,NULL,NULL),(74,67,NULL,NULL,NULL,NULL,NULL,NULL,NULL,NULL,NULL,NULL,NULL,NULL,NULL,NULL,NULL,NULL,NULL,NULL,NULL,NULL,NULL,NULL,NULL,NULL,NULL,NULL,NULL,NULL,NULL,NULL,NULL,NULL,NULL),(75,68,NULL,NULL,NULL,NULL,NULL,NULL,NULL,NULL,NULL,NULL,NULL,NULL,NULL,NULL,NULL,NULL,NULL,NULL,NULL,NULL,NULL,NULL,NULL,NULL,NULL,NULL,NULL,NULL,NULL,NULL,NULL,NULL,NULL),(76,69,NULL,NULL,NULL,NULL,NULL,NULL,NULL,NULL,NULL,NULL,NULL,NULL,NULL,NULL,NULL,NULL,NULL,NULL,NULL,NULL,NULL,NULL,NULL,NULL,NULL,NULL,NULL,NULL,NULL,NULL,NULL,NULL,NULL),(77,70,NULL,NULL,NULL,NULL,NULL,NULL,NULL,NULL,NULL,NULL,NULL,NULL,NULL,NULL,NULL,NULL,NULL,NULL,NULL,NULL,NULL,NULL,NULL,NULL,NULL,NULL,NULL,NULL,NULL,NULL,NULL,NULL,NULL),(78,71,NULL,NULL,NULL,NULL,NULL,NULL,NULL,NULL,NULL,NULL,NULL,NULL,NULL,NULL,NULL,NULL,NULL,NULL,NULL,NULL,NULL,NULL,NULL,NULL,NULL,NULL,NULL,NULL,NULL,NULL,NULL,NULL,NULL),(79,72,NULL,NULL,NULL,NULL,NULL,NULL,NULL,NULL,NULL,NULL,NULL,NULL,NULL,NULL,NULL,NULL,NULL,NULL,NULL,NULL,NULL,NULL,NULL,NULL,NULL,NULL,NULL,NULL,NULL,NULL,NULL,NULL,NULL),(80,73,NULL,NULL,NULL,NULL,NULL,NULL,NULL,NULL,NULL,NULL,NULL,NULL,NULL,NULL,NULL,NULL,NULL,NULL,NULL,NULL,NULL,NULL,NULL,NULL,NULL,NULL,NULL,NULL,NULL,NULL,NULL,NULL,NULL),(81,74,NULL,NULL,NULL,NULL,NULL,NULL,NULL,NULL,NULL,NULL,NULL,NULL,NULL,NULL,NULL,NULL,NULL,NULL,NULL,NULL,NULL,NULL,NULL,NULL,NULL,NULL,NULL,NULL,NULL,NULL,NULL,NULL,NULL),(82,75,NULL,NULL,NULL,NULL,NULL,NULL,NULL,NULL,NULL,NULL,NULL,NULL,NULL,NULL,NULL,NULL,NULL,NULL,NULL,NULL,NULL,NULL,NULL,NULL,NULL,NULL,NULL,NULL,NULL,NULL,NULL,NULL,NULL),(83,76,NULL,NULL,NULL,NULL,NULL,NULL,NULL,NULL,NULL,NULL,NULL,NULL,NULL,NULL,NULL,NULL,NULL,NULL,NULL,NULL,NULL,NULL,NULL,NULL,NULL,NULL,NULL,NULL,NULL,NULL,NULL,NULL,NULL),(84,77,NULL,NULL,NULL,NULL,NULL,NULL,NULL,NULL,NULL,NULL,NULL,NULL,NULL,NULL,NULL,NULL,NULL,NULL,NULL,NULL,NULL,NULL,NULL,NULL,NULL,NULL,NULL,NULL,NULL,NULL,NULL,NULL,NULL),(85,78,NULL,NULL,NULL,NULL,NULL,NULL,NULL,NULL,NULL,NULL,NULL,NULL,NULL,NULL,NULL,NULL,NULL,NULL,NULL,NULL,NULL,NULL,NULL,NULL,NULL,NULL,NULL,NULL,NULL,NULL,NULL,NULL,NULL),(86,79,NULL,NULL,NULL,NULL,NULL,NULL,NULL,NULL,NULL,NULL,NULL,NULL,NULL,NULL,NULL,NULL,NULL,NULL,NULL,NULL,NULL,NULL,NULL,NULL,NULL,NULL,NULL,NULL,NULL,NULL,NULL,NULL,NULL),(87,80,NULL,NULL,NULL,NULL,NULL,NULL,NULL,NULL,NULL,NULL,NULL,NULL,NULL,NULL,NULL,NULL,NULL,NULL,NULL,NULL,NULL,NULL,NULL,NULL,NULL,NULL,NULL,NULL,NULL,NULL,NULL,NULL,NULL),(88,81,NULL,NULL,NULL,NULL,NULL,NULL,NULL,NULL,NULL,NULL,NULL,NULL,NULL,NULL,NULL,NULL,NULL,NULL,NULL,NULL,NULL,NULL,NULL,NULL,NULL,NULL,NULL,NULL,NULL,NULL,NULL,NULL,NULL),(89,82,NULL,NULL,NULL,NULL,NULL,NULL,NULL,NULL,NULL,NULL,NULL,NULL,NULL,NULL,NULL,NULL,NULL,NULL,NULL,NULL,NULL,NULL,NULL,NULL,NULL,NULL,NULL,NULL,NULL,NULL,NULL,NULL,NULL),(90,83,NULL,NULL,NULL,NULL,NULL,NULL,NULL,NULL,NULL,NULL,NULL,NULL,NULL,NULL,NULL,NULL,NULL,NULL,NULL,NULL,NULL,NULL,NULL,NULL,NULL,NULL,NULL,NULL,NULL,NULL,NULL,NULL,NULL),(91,173,NULL,NULL,NULL,NULL,NULL,NULL,NULL,NULL,NULL,NULL,NULL,NULL,NULL,NULL,NULL,NULL,NULL,NULL,NULL,NULL,NULL,NULL,NULL,NULL,NULL,NULL,NULL,NULL,NULL,NULL,NULL,NULL,NULL),(92,171,NULL,NULL,NULL,NULL,NULL,NULL,NULL,NULL,NULL,NULL,NULL,NULL,NULL,NULL,NULL,NULL,NULL,NULL,NULL,NULL,NULL,NULL,NULL,NULL,NULL,NULL,NULL,NULL,NULL,NULL,NULL,NULL,NULL),(93,172,NULL,NULL,NULL,NULL,NULL,NULL,NULL,NULL,NULL,NULL,NULL,NULL,NULL,NULL,NULL,NULL,NULL,NULL,NULL,NULL,NULL,NULL,NULL,NULL,NULL,NULL,NULL,NULL,NULL,NULL,NULL,NULL,NULL),(94,174,NULL,NULL,NULL,NULL,NULL,NULL,NULL,NULL,NULL,NULL,NULL,NULL,NULL,NULL,NULL,NULL,NULL,NULL,NULL,NULL,NULL,NULL,NULL,NULL,NULL,NULL,NULL,NULL,NULL,NULL,NULL,NULL,NULL);
/*!40000 ALTER TABLE `analyse_ameo` ENABLE KEYS */;
UNLOCK TABLES;

--
-- Table structure for table `analyse_eap`
--

DROP TABLE IF EXISTS `analyse_eap`;
/*!40101 SET @saved_cs_client     = @@character_set_client */;
/*!40101 SET character_set_client = utf8 */;
CREATE TABLE `analyse_eap` (
  `id` bigint(20) unsigned NOT NULL AUTO_INCREMENT,
  `commande_id` bigint(20) unsigned NOT NULL,
  `PH_Unité_PH` double(8,2) DEFAULT NULL,
  `PH-Kcl_Unité_PH` double(8,2) DEFAULT NULL,
  `EC_mS_Cm` double(8,2) DEFAULT NULL,
  `NO3_mg_l` double(8,2) DEFAULT NULL,
  `NO2_mg_l` double(8,2) DEFAULT NULL,
  `NH4_mg_l` double(8,2) DEFAULT NULL,
  `Cl_mg_l` double(8,2) DEFAULT NULL,
  `SO4_mg_l` double(8,2) DEFAULT NULL,
  `P_mg_l` double(8,2) DEFAULT NULL,
  `K_mg_l` double(8,2) DEFAULT NULL,
  `Na_mg_l` double(8,2) DEFAULT NULL,
  `Ca_mg_l` double(8,2) DEFAULT NULL,
  `Mg_mg_l` double(8,2) DEFAULT NULL,
  `Zn-EDTA_mg_l` double(8,2) DEFAULT NULL,
  `Cu-EDTA_mg_l` double(8,2) DEFAULT NULL,
  `Mn-EDTA_mg_l` double(8,2) DEFAULT NULL,
  `Fe-EDTA_mg_l` double(8,2) DEFAULT NULL,
  `NT_‰` double(8,2) DEFAULT NULL,
  `C-O_g_Kg` double(8,2) DEFAULT NULL,
  `HCO3_mg_l` double(8,2) DEFAULT NULL,
  `Ms_%` double(8,2) DEFAULT NULL,
  `Bore_mg_Kg` double(8,2) DEFAULT NULL,
  `Bilan` double(8,2) DEFAULT NULL,
  `deleted_at` timestamp NULL DEFAULT NULL,
  `created_at` timestamp NULL DEFAULT NULL,
  `updated_at` timestamp NULL DEFAULT NULL,
  PRIMARY KEY (`id`),
  KEY `analyse_eap_commande_id_foreign` (`commande_id`),
  CONSTRAINT `analyse_eap_commande_id_foreign` FOREIGN KEY (`commande_id`) REFERENCES `commandes` (`id`) ON DELETE CASCADE ON UPDATE CASCADE
) ENGINE=InnoDB DEFAULT CHARSET=utf8mb4 COLLATE=utf8mb4_unicode_ci;
/*!40101 SET character_set_client = @saved_cs_client */;

--
-- Dumping data for table `analyse_eap`
--

LOCK TABLES `analyse_eap` WRITE;
/*!40000 ALTER TABLE `analyse_eap` DISABLE KEYS */;
/*!40000 ALTER TABLE `analyse_eap` ENABLE KEYS */;
UNLOCK TABLES;

--
-- Table structure for table `analyse_eau`
--

DROP TABLE IF EXISTS `analyse_eau`;
/*!40101 SET @saved_cs_client     = @@character_set_client */;
/*!40101 SET character_set_client = utf8 */;
CREATE TABLE `analyse_eau` (
  `id` bigint(20) unsigned NOT NULL AUTO_INCREMENT,
  `commande_id` bigint(20) unsigned NOT NULL,
  `plus_moins` double(8,2) DEFAULT NULL,
  `temp_°C` double(8,2) DEFAULT NULL,
  `PH_Unité_PH` double(8,2) DEFAULT NULL,
  `EC_mS_Cm` double(8,2) DEFAULT NULL,
  `NO3_ppm` double(8,2) DEFAULT NULL,
  `NO2_ppm` double(8,2) DEFAULT NULL,
  `NH4_ppm` double(8,2) DEFAULT NULL,
  `Cl_ppm` double(8,2) DEFAULT NULL,
  `SO4_ppm` double(8,2) DEFAULT NULL,
  `H2PO4_ppm` double(8,2) DEFAULT NULL,
  `HCO3_ppm` double(8,2) DEFAULT NULL,
  `CO3_ppm` double(8,2) DEFAULT NULL,
  `K_ppm` double(8,2) DEFAULT NULL,
  `Ca_ppm` double(8,2) DEFAULT NULL,
  `Mg_ppm` double(8,2) DEFAULT NULL,
  `Zn_ppm` double(8,2) DEFAULT NULL,
  `Cu_ppm` double(8,2) DEFAULT NULL,
  `Mn_ppm` double(8,2) DEFAULT NULL,
  `Fe_ppm` double(8,2) DEFAULT NULL,
  `B_ppm` double(8,2) DEFAULT NULL,
  `deleted_at` timestamp NULL DEFAULT NULL,
  `created_at` timestamp NULL DEFAULT NULL,
  `updated_at` timestamp NULL DEFAULT NULL,
  PRIMARY KEY (`id`),
  KEY `analyse_eau_commande_id_foreign` (`commande_id`),
  CONSTRAINT `analyse_eau_commande_id_foreign` FOREIGN KEY (`commande_id`) REFERENCES `commandes` (`id`) ON DELETE CASCADE ON UPDATE CASCADE
) ENGINE=InnoDB AUTO_INCREMENT=5 DEFAULT CHARSET=utf8mb4 COLLATE=utf8mb4_unicode_ci;
/*!40101 SET character_set_client = @saved_cs_client */;

--
-- Dumping data for table `analyse_eau`
--

LOCK TABLES `analyse_eau` WRITE;
/*!40000 ALTER TABLE `analyse_eau` DISABLE KEYS */;
INSERT INTO `analyse_eau` VALUES (2,151,NULL,NULL,NULL,NULL,NULL,NULL,NULL,NULL,NULL,NULL,NULL,NULL,NULL,NULL,NULL,NULL,NULL,NULL,NULL,NULL,NULL,NULL,NULL),(3,182,NULL,NULL,NULL,NULL,NULL,NULL,NULL,NULL,NULL,NULL,NULL,NULL,NULL,NULL,NULL,NULL,NULL,NULL,NULL,NULL,NULL,NULL,NULL),(4,191,NULL,NULL,NULL,NULL,NULL,NULL,NULL,NULL,NULL,NULL,NULL,NULL,NULL,NULL,NULL,NULL,NULL,NULL,NULL,NULL,NULL,NULL,NULL);
/*!40000 ALTER TABLE `analyse_eau` ENABLE KEYS */;
UNLOCK TABLES;

--
-- Table structure for table `analyse_eau_potable`
--

DROP TABLE IF EXISTS `analyse_eau_potable`;
/*!40101 SET @saved_cs_client     = @@character_set_client */;
/*!40101 SET character_set_client = utf8 */;
CREATE TABLE `analyse_eau_potable` (
  `id` bigint(20) unsigned NOT NULL AUTO_INCREMENT,
  `commande_id` bigint(20) unsigned NOT NULL,
  `temp` double(8,2) DEFAULT NULL,
  `Cl2` double(8,2) DEFAULT NULL,
  `O2` double(8,2) DEFAULT NULL,
  `PH` double(8,2) DEFAULT NULL,
  `EC` double(8,2) DEFAULT NULL,
  `NO3` double(8,2) DEFAULT NULL,
  `NO2` double(8,2) DEFAULT NULL,
  `NH4` double(8,2) DEFAULT NULL,
  `Cl` double(8,2) DEFAULT NULL,
  `SO4` double(8,2) DEFAULT NULL,
  `HCO3` double(8,2) DEFAULT NULL,
  `CO3` double(8,2) DEFAULT NULL,
  `Ca` double(8,2) DEFAULT NULL,
  `Mg` double(8,2) DEFAULT NULL,
  `Oxydabilite` double(8,2) DEFAULT NULL,
  `Turbidite` double(8,2) DEFAULT NULL,
  `Zn` double(8,2) DEFAULT NULL,
  `Cu` double(8,2) DEFAULT NULL,
  `Mn` double(8,2) DEFAULT NULL,
  `Fe` double(8,2) DEFAULT NULL,
  `B` double(8,2) DEFAULT NULL,
  `deleted_at` timestamp NULL DEFAULT NULL,
  `created_at` timestamp NULL DEFAULT NULL,
  `updated_at` timestamp NULL DEFAULT NULL,
  PRIMARY KEY (`id`),
  KEY `analyse_eau_potable_commande_id_foreign` (`commande_id`),
  CONSTRAINT `analyse_eau_potable_commande_id_foreign` FOREIGN KEY (`commande_id`) REFERENCES `commandes` (`id`) ON DELETE CASCADE ON UPDATE CASCADE
) ENGINE=InnoDB AUTO_INCREMENT=2 DEFAULT CHARSET=utf8mb4 COLLATE=utf8mb4_unicode_ci;
/*!40101 SET character_set_client = @saved_cs_client */;

--
-- Dumping data for table `analyse_eau_potable`
--

LOCK TABLES `analyse_eau_potable` WRITE;
/*!40000 ALTER TABLE `analyse_eau_potable` DISABLE KEYS */;
INSERT INTO `analyse_eau_potable` VALUES (1,170,NULL,NULL,NULL,6.95,2.44,0.90,0.00,0.11,110.50,924.00,240.00,0.00,310.06,101.60,1.09,2.53,0.01,0.00,0.00,0.04,NULL,NULL,NULL,NULL);
/*!40000 ALTER TABLE `analyse_eau_potable` ENABLE KEYS */;
UNLOCK TABLES;

--
-- Table structure for table `analyse_eaus`
--

DROP TABLE IF EXISTS `analyse_eaus`;
/*!40101 SET @saved_cs_client     = @@character_set_client */;
/*!40101 SET character_set_client = utf8 */;
CREATE TABLE `analyse_eaus` (
  `id` bigint(20) unsigned NOT NULL AUTO_INCREMENT,
  `created_at` timestamp NULL DEFAULT NULL,
  `updated_at` timestamp NULL DEFAULT NULL,
  PRIMARY KEY (`id`)
) ENGINE=InnoDB DEFAULT CHARSET=utf8mb4 COLLATE=utf8mb4_unicode_ci;
/*!40101 SET character_set_client = @saved_cs_client */;

--
-- Dumping data for table `analyse_eaus`
--

LOCK TABLES `analyse_eaus` WRITE;
/*!40000 ALTER TABLE `analyse_eaus` DISABLE KEYS */;
/*!40000 ALTER TABLE `analyse_eaus` ENABLE KEYS */;
UNLOCK TABLES;

--
-- Table structure for table `analyse_sol`
--

DROP TABLE IF EXISTS `analyse_sol`;
/*!40101 SET @saved_cs_client     = @@character_set_client */;
/*!40101 SET character_set_client = utf8 */;
CREATE TABLE `analyse_sol` (
  `id` bigint(20) unsigned NOT NULL AUTO_INCREMENT,
  `commande_id` bigint(20) unsigned NOT NULL,
  `CT_%` double(8,2) DEFAULT NULL,
  `CA_%` double(8,2) DEFAULT NULL,
  `PH_Unité_PH` double(8,2) DEFAULT NULL,
  `EC_mS_Cm` double(8,2) DEFAULT NULL,
  `Cl_mg_Kg` double(8,2) DEFAULT NULL,
  `P2O5_mg_Kg` double(8,2) DEFAULT NULL,
  `K2O_mg_Kg` double(8,2) DEFAULT NULL,
  `Na2O_g_Kg` double(8,2) DEFAULT NULL,
  `CaO_g_Kg` double(8,2) DEFAULT NULL,
  `MgO_mg_Kg` double(8,2) DEFAULT NULL,
  `Zn-EDTA_mg_Kg` double(8,2) DEFAULT NULL,
  `Cu-EDTA_mg_Kg` double(8,2) DEFAULT NULL,
  `Mn-EDTA_mg_Kg` double(8,2) DEFAULT NULL,
  `Fe-EDTA_mg_Kg` double(8,2) DEFAULT NULL,
  `NT_‰` double(8,2) DEFAULT NULL,
  `C-O_g_Kg` double(8,2) DEFAULT NULL,
  `CEC_Cmol_Kg` double(8,2) DEFAULT NULL,
  `pH-KCI_Unité_pH` double(8,2) DEFAULT NULL,
  `N-NO3_mg_Kg` double(8,2) DEFAULT NULL,
  `N-NH4_mg_Kg` double(8,2) DEFAULT NULL,
  `Humidité_%` double(8,2) DEFAULT NULL,
  `Agrile_‰` double(8,2) DEFAULT NULL,
  `Limon_‰` double(8,2) DEFAULT NULL,
  `Sable_‰` double(8,2) DEFAULT NULL,
  `deleted_at` timestamp NULL DEFAULT NULL,
  `created_at` timestamp NULL DEFAULT NULL,
  `updated_at` timestamp NULL DEFAULT NULL,
  PRIMARY KEY (`id`),
  KEY `analyse_sol_commande_id_foreign` (`commande_id`),
  CONSTRAINT `analyse_sol_commande_id_foreign` FOREIGN KEY (`commande_id`) REFERENCES `commandes` (`id`) ON DELETE CASCADE ON UPDATE CASCADE
) ENGINE=InnoDB AUTO_INCREMENT=22 DEFAULT CHARSET=utf8mb4 COLLATE=utf8mb4_unicode_ci;
/*!40101 SET character_set_client = @saved_cs_client */;

--
-- Dumping data for table `analyse_sol`
--

LOCK TABLES `analyse_sol` WRITE;
/*!40000 ALTER TABLE `analyse_sol` DISABLE KEYS */;
INSERT INTO `analyse_sol` VALUES (2,9,NULL,NULL,NULL,NULL,NULL,NULL,NULL,NULL,NULL,NULL,NULL,NULL,NULL,NULL,NULL,NULL,NULL,NULL,NULL,NULL,NULL,NULL,NULL,NULL,NULL,NULL,NULL),(3,142,NULL,NULL,NULL,NULL,NULL,NULL,NULL,NULL,NULL,NULL,NULL,NULL,NULL,NULL,NULL,NULL,NULL,NULL,NULL,NULL,NULL,NULL,NULL,NULL,NULL,NULL,NULL),(4,143,NULL,NULL,NULL,NULL,NULL,NULL,NULL,NULL,NULL,NULL,NULL,NULL,NULL,NULL,NULL,NULL,NULL,NULL,NULL,NULL,NULL,NULL,NULL,NULL,NULL,NULL,NULL),(5,148,NULL,NULL,NULL,NULL,NULL,NULL,NULL,NULL,NULL,NULL,NULL,NULL,NULL,NULL,NULL,NULL,NULL,NULL,NULL,NULL,NULL,NULL,NULL,NULL,NULL,NULL,NULL),(6,149,NULL,NULL,NULL,NULL,NULL,NULL,NULL,NULL,NULL,NULL,NULL,NULL,NULL,NULL,NULL,NULL,NULL,NULL,NULL,NULL,NULL,NULL,NULL,NULL,NULL,NULL,NULL),(7,150,NULL,NULL,NULL,NULL,NULL,NULL,NULL,NULL,NULL,NULL,NULL,NULL,NULL,NULL,NULL,NULL,NULL,NULL,NULL,NULL,NULL,NULL,NULL,NULL,NULL,NULL,NULL),(8,159,NULL,NULL,NULL,NULL,NULL,NULL,NULL,NULL,NULL,NULL,NULL,NULL,NULL,NULL,NULL,NULL,NULL,NULL,NULL,NULL,NULL,NULL,NULL,NULL,NULL,NULL,NULL),(9,160,NULL,NULL,NULL,NULL,NULL,NULL,NULL,NULL,NULL,NULL,NULL,NULL,NULL,NULL,NULL,NULL,NULL,NULL,NULL,NULL,NULL,NULL,NULL,NULL,NULL,NULL,NULL),(10,161,NULL,NULL,NULL,NULL,NULL,NULL,NULL,NULL,NULL,NULL,NULL,NULL,NULL,NULL,NULL,NULL,NULL,NULL,NULL,NULL,NULL,NULL,NULL,NULL,NULL,NULL,NULL),(11,162,NULL,NULL,NULL,NULL,NULL,NULL,NULL,NULL,NULL,NULL,NULL,NULL,NULL,NULL,NULL,NULL,NULL,NULL,NULL,NULL,NULL,NULL,NULL,NULL,NULL,NULL,NULL),(12,163,NULL,NULL,NULL,NULL,NULL,NULL,NULL,NULL,NULL,NULL,NULL,NULL,NULL,NULL,NULL,NULL,NULL,NULL,NULL,NULL,NULL,NULL,NULL,NULL,NULL,NULL,NULL),(13,164,NULL,NULL,NULL,NULL,NULL,NULL,NULL,NULL,NULL,NULL,NULL,NULL,NULL,NULL,NULL,NULL,NULL,NULL,NULL,NULL,NULL,NULL,NULL,NULL,NULL,NULL,NULL),(14,165,NULL,NULL,NULL,NULL,NULL,NULL,NULL,NULL,NULL,NULL,NULL,NULL,NULL,NULL,NULL,NULL,NULL,NULL,NULL,NULL,NULL,NULL,NULL,NULL,NULL,NULL,NULL),(15,166,NULL,NULL,NULL,NULL,NULL,NULL,NULL,NULL,NULL,NULL,NULL,NULL,NULL,NULL,NULL,NULL,NULL,NULL,NULL,NULL,NULL,NULL,NULL,NULL,NULL,NULL,NULL),(16,167,NULL,NULL,NULL,NULL,NULL,NULL,NULL,NULL,NULL,NULL,NULL,NULL,NULL,NULL,NULL,NULL,NULL,NULL,NULL,NULL,NULL,NULL,NULL,NULL,NULL,NULL,NULL),(17,168,NULL,NULL,NULL,NULL,NULL,NULL,NULL,NULL,NULL,NULL,NULL,NULL,NULL,NULL,NULL,NULL,NULL,NULL,NULL,NULL,NULL,NULL,NULL,NULL,NULL,NULL,NULL),(18,169,NULL,NULL,NULL,NULL,NULL,NULL,NULL,NULL,NULL,NULL,NULL,NULL,NULL,NULL,NULL,NULL,NULL,NULL,NULL,NULL,NULL,NULL,NULL,NULL,NULL,NULL,NULL),(19,10,NULL,NULL,NULL,NULL,NULL,NULL,NULL,NULL,NULL,NULL,NULL,NULL,NULL,NULL,NULL,NULL,NULL,NULL,NULL,NULL,NULL,NULL,NULL,NULL,NULL,NULL,NULL),(20,140,NULL,NULL,NULL,NULL,NULL,NULL,NULL,NULL,NULL,NULL,NULL,NULL,NULL,NULL,NULL,NULL,NULL,NULL,NULL,NULL,NULL,NULL,NULL,NULL,NULL,NULL,NULL),(21,141,NULL,NULL,NULL,NULL,NULL,NULL,NULL,NULL,NULL,NULL,NULL,NULL,NULL,NULL,NULL,NULL,NULL,NULL,NULL,NULL,NULL,NULL,NULL,NULL,NULL,NULL,NULL);
/*!40000 ALTER TABLE `analyse_sol` ENABLE KEYS */;
UNLOCK TABLES;

--
-- Table structure for table `analyse_terre`
--

DROP TABLE IF EXISTS `analyse_terre`;
/*!40101 SET @saved_cs_client     = @@character_set_client */;
/*!40101 SET character_set_client = utf8 */;
CREATE TABLE `analyse_terre` (
  `id` bigint(20) unsigned NOT NULL AUTO_INCREMENT,
  `commande_id` bigint(20) unsigned NOT NULL,
  `CT_%` double(8,2) DEFAULT NULL,
  `CA_%` double(8,2) DEFAULT NULL,
  `PH_Unité_PH` double(8,2) DEFAULT NULL,
  `EC_mS_Cm` double(8,2) DEFAULT NULL,
  `Cl_mg_Kg` double(8,2) DEFAULT NULL,
  `P2O5_mg_Kg` double(8,2) DEFAULT NULL,
  `K2O_mg_Kg` double(8,2) DEFAULT NULL,
  `Na2O_g_Kg` double(8,2) DEFAULT NULL,
  `CaO_g_Kg` double(8,2) DEFAULT NULL,
  `MgO_mg_Kg` double(8,2) DEFAULT NULL,
  `Zn-EDTA_mg_Kg` double(8,2) DEFAULT NULL,
  `Cu-EDTA_mg_Kg` double(8,2) DEFAULT NULL,
  `Mn-EDTA_mg_Kg` double(8,2) DEFAULT NULL,
  `Fe-EDTA_mg_Kg` double(8,2) DEFAULT NULL,
  `NT_‰` double(8,2) DEFAULT NULL,
  `C-O_g_Kg` double(8,2) DEFAULT NULL,
  `CEC_Cmol_Kg` double(8,2) DEFAULT NULL,
  `pH-KCI_Unité_pH` double(8,2) DEFAULT NULL,
  `N-NO3_mg_Kg` double(8,2) DEFAULT NULL,
  `N-NH4_mg_Kg` double(8,2) DEFAULT NULL,
  `Humidité_%` double(8,2) DEFAULT NULL,
  `Agrile_‰` double(8,2) DEFAULT NULL,
  `Limon_‰` double(8,2) DEFAULT NULL,
  `Sable_‰` double(8,2) DEFAULT NULL,
  `deleted_at` timestamp NULL DEFAULT NULL,
  `created_at` timestamp NULL DEFAULT NULL,
  `updated_at` timestamp NULL DEFAULT NULL,
  PRIMARY KEY (`id`),
  KEY `analyse_terre_commande_id_foreign` (`commande_id`),
  CONSTRAINT `analyse_terre_commande_id_foreign` FOREIGN KEY (`commande_id`) REFERENCES `commandes` (`id`) ON DELETE CASCADE ON UPDATE CASCADE
) ENGINE=InnoDB DEFAULT CHARSET=utf8mb4 COLLATE=utf8mb4_unicode_ci;
/*!40101 SET character_set_client = @saved_cs_client */;

--
-- Dumping data for table `analyse_terre`
--

LOCK TABLES `analyse_terre` WRITE;
/*!40000 ALTER TABLE `analyse_terre` DISABLE KEYS */;
/*!40000 ALTER TABLE `analyse_terre` ENABLE KEYS */;
UNLOCK TABLES;

--
-- Table structure for table `analyse_unite_ameo`
--

DROP TABLE IF EXISTS `analyse_unite_ameo`;
/*!40101 SET @saved_cs_client     = @@character_set_client */;
/*!40101 SET character_set_client = utf8 */;
CREATE TABLE `analyse_unite_ameo` (
  `id` bigint(20) unsigned NOT NULL AUTO_INCREMENT,
  `parametre` varchar(255) COLLATE utf8mb4_unicode_ci DEFAULT NULL,
  `unite` varchar(255) COLLATE utf8mb4_unicode_ci DEFAULT NULL,
  `created_at` timestamp NULL DEFAULT NULL,
  `updated_at` timestamp NULL DEFAULT NULL,
  PRIMARY KEY (`id`)
) ENGINE=InnoDB AUTO_INCREMENT=30 DEFAULT CHARSET=utf8mb4 COLLATE=utf8mb4_unicode_ci;
/*!40101 SET character_set_client = @saved_cs_client */;

--
-- Dumping data for table `analyse_unite_ameo`
--

LOCK TABLES `analyse_unite_ameo` WRITE;
/*!40000 ALTER TABLE `analyse_unite_ameo` DISABLE KEYS */;
INSERT INTO `analyse_unite_ameo` VALUES (1,'MS','%',NULL,NULL),(2,'PH','Unite_pH',NULL,NULL),(3,'EC','mS_Cm',NULL,NULL),(4,'NTK','%',NULL,NULL),(5,'PT','%',NULL,NULL),(6,'K','%',NULL,NULL),(7,'Na','%',NULL,NULL),(8,'Ca','%',NULL,NULL),(9,'Mg','%',NULL,NULL),(10,'M_O','%',NULL,NULL),(11,'Zn','mg_kg',NULL,NULL),(12,'Cu','mg_kg',NULL,NULL),(13,'Mn','mg_kg',NULL,NULL),(14,'Fe','mg_kg',NULL,NULL),(15,'B','mg_kg',NULL,NULL),(16,'Cl','%',NULL,NULL),(17,'MN_NH4','g_kg',NULL,NULL),(18,'N_NO3','mg_kg',NULL,NULL),(19,'As','mg_kg',NULL,NULL),(20,'Cd','mg_kg',NULL,NULL),(21,'Co','mg_kg',NULL,NULL),(22,'Cr','mg_kg',NULL,NULL),(23,'Hg','mg_kg',NULL,NULL),(24,'Mo','mg_kg',NULL,NULL),(25,'Ni','mg_kg',NULL,NULL),(26,'Pb','mg_kg',NULL,NULL),(27,'Se','mg_kg',NULL,NULL),(28,'M_V','G_L',NULL,NULL),(29,'Refus','%',NULL,NULL);
/*!40000 ALTER TABLE `analyse_unite_ameo` ENABLE KEYS */;
UNLOCK TABLES;

--
-- Table structure for table `analyse_unite_eap`
--

DROP TABLE IF EXISTS `analyse_unite_eap`;
/*!40101 SET @saved_cs_client     = @@character_set_client */;
/*!40101 SET character_set_client = utf8 */;
CREATE TABLE `analyse_unite_eap` (
  `id` bigint(20) unsigned NOT NULL AUTO_INCREMENT,
  `parametre` varchar(255) COLLATE utf8mb4_unicode_ci DEFAULT NULL,
  `unite` varchar(255) COLLATE utf8mb4_unicode_ci DEFAULT NULL,
  `created_at` timestamp NULL DEFAULT NULL,
  `updated_at` timestamp NULL DEFAULT NULL,
  PRIMARY KEY (`id`)
) ENGINE=InnoDB AUTO_INCREMENT=23 DEFAULT CHARSET=utf8mb4 COLLATE=utf8mb4_unicode_ci;
/*!40101 SET character_set_client = @saved_cs_client */;

--
-- Dumping data for table `analyse_unite_eap`
--

LOCK TABLES `analyse_unite_eap` WRITE;
/*!40000 ALTER TABLE `analyse_unite_eap` DISABLE KEYS */;
INSERT INTO `analyse_unite_eap` VALUES (1,'PH','Unite_pH',NULL,NULL),(2,'PH_kcl','Unite_pH',NULL,NULL),(3,'EC','mS_Cm',NULL,NULL),(4,'NO3','mg_L',NULL,NULL),(5,'NO2','mg_L',NULL,NULL),(6,'NH4','mg_L',NULL,NULL),(7,'Cl','mg_L',NULL,NULL),(8,'SO4','mg_L',NULL,NULL),(9,'P','mg_L',NULL,NULL),(10,'K','mg_L',NULL,NULL),(11,'Na','mg_L',NULL,NULL),(12,'Ca','mg_L',NULL,NULL),(13,'Mg','mg_L',NULL,NULL),(14,'Zn_EDTA','mg_L',NULL,NULL),(15,'Cu_EDTA','mg_L',NULL,NULL),(16,'Mn_EDTA','mg_L',NULL,NULL),(17,'Fe_EDTA','mg_L',NULL,NULL),(18,'NT','‰',NULL,NULL),(19,'C_O','g_kg',NULL,NULL),(20,'HCO3','mg_L',NULL,NULL),(21,'MS','%',NULL,NULL),(22,'Bore','mg_kg',NULL,NULL);
/*!40000 ALTER TABLE `analyse_unite_eap` ENABLE KEYS */;
UNLOCK TABLES;

--
-- Table structure for table `analyse_unite_eau`
--

DROP TABLE IF EXISTS `analyse_unite_eau`;
/*!40101 SET @saved_cs_client     = @@character_set_client */;
/*!40101 SET character_set_client = utf8 */;
CREATE TABLE `analyse_unite_eau` (
  `id` bigint(20) unsigned NOT NULL AUTO_INCREMENT,
  `parametre` varchar(255) COLLATE utf8mb4_unicode_ci DEFAULT NULL,
  `unite` varchar(255) COLLATE utf8mb4_unicode_ci DEFAULT NULL,
  `created_at` timestamp NULL DEFAULT NULL,
  `updated_at` timestamp NULL DEFAULT NULL,
  PRIMARY KEY (`id`)
) ENGINE=InnoDB AUTO_INCREMENT=21 DEFAULT CHARSET=utf8mb4 COLLATE=utf8mb4_unicode_ci;
/*!40101 SET character_set_client = @saved_cs_client */;

--
-- Dumping data for table `analyse_unite_eau`
--

LOCK TABLES `analyse_unite_eau` WRITE;
/*!40000 ALTER TABLE `analyse_unite_eau` DISABLE KEYS */;
INSERT INTO `analyse_unite_eau` VALUES (1,'temp','°C',NULL,NULL),(2,'PH','Unite_pH',NULL,NULL),(3,'EC','mS_Cm',NULL,NULL),(4,'NO3','ppm',NULL,NULL),(5,'NO2','ppm',NULL,NULL),(6,'NH4','ppm',NULL,NULL),(7,'Cl','ppm',NULL,NULL),(8,'SO4','ppm',NULL,NULL),(9,'H2PO4','ppm',NULL,NULL),(10,'HCO3','ppm',NULL,NULL),(11,'CO3','ppm',NULL,NULL),(12,'K','ppm',NULL,NULL),(13,'Na','ppm',NULL,NULL),(14,'Ca','ppm',NULL,NULL),(15,'Mg','ppm',NULL,NULL),(16,'Zn','ppm',NULL,NULL),(17,'Cu','ppm',NULL,NULL),(18,'Mn','ppm',NULL,NULL),(19,'Fe','ppm',NULL,NULL),(20,'B','ppm',NULL,NULL);
/*!40000 ALTER TABLE `analyse_unite_eau` ENABLE KEYS */;
UNLOCK TABLES;

--
-- Table structure for table `analyse_unite_eau_potable`
--

DROP TABLE IF EXISTS `analyse_unite_eau_potable`;
/*!40101 SET @saved_cs_client     = @@character_set_client */;
/*!40101 SET character_set_client = utf8 */;
CREATE TABLE `analyse_unite_eau_potable` (
  `id` bigint(20) unsigned NOT NULL AUTO_INCREMENT,
  `parametre` varchar(255) COLLATE utf8mb4_unicode_ci DEFAULT NULL,
  `unite` varchar(255) COLLATE utf8mb4_unicode_ci DEFAULT NULL,
  `created_at` timestamp NULL DEFAULT NULL,
  `updated_at` timestamp NULL DEFAULT NULL,
  PRIMARY KEY (`id`)
) ENGINE=InnoDB AUTO_INCREMENT=22 DEFAULT CHARSET=utf8mb4 COLLATE=utf8mb4_unicode_ci;
/*!40101 SET character_set_client = @saved_cs_client */;

--
-- Dumping data for table `analyse_unite_eau_potable`
--

LOCK TABLES `analyse_unite_eau_potable` WRITE;
/*!40000 ALTER TABLE `analyse_unite_eau_potable` DISABLE KEYS */;
INSERT INTO `analyse_unite_eau_potable` VALUES (1,'temp','°C',NULL,NULL),(2,'Cl2','ppm',NULL,NULL),(3,'O2','ppm',NULL,NULL),(4,'PH','Unite_pH',NULL,NULL),(5,'EC','mS_Cm',NULL,NULL),(6,'NO3','ppm',NULL,NULL),(7,'NO2','ppm',NULL,NULL),(8,'NH4','ppm',NULL,NULL),(9,'Cl','ppm',NULL,NULL),(10,'SO4','ppm',NULL,NULL),(11,'HCO3','ppm',NULL,NULL),(12,'CO3','ppm',NULL,NULL),(13,'Ca','ppm',NULL,NULL),(14,'Mg','ppm',NULL,NULL),(15,'Oxydabilite','ppm',NULL,NULL),(16,'Turbidite','NTU',NULL,NULL),(17,'Zn','ppm',NULL,NULL),(18,'Cu','ppm',NULL,NULL),(19,'Mn','ppm',NULL,NULL),(20,'Fe','ppm',NULL,NULL),(21,'B','ppm',NULL,NULL);
/*!40000 ALTER TABLE `analyse_unite_eau_potable` ENABLE KEYS */;
UNLOCK TABLES;

--
-- Table structure for table `analyse_unite_sol`
--

DROP TABLE IF EXISTS `analyse_unite_sol`;
/*!40101 SET @saved_cs_client     = @@character_set_client */;
/*!40101 SET character_set_client = utf8 */;
CREATE TABLE `analyse_unite_sol` (
  `id` bigint(20) unsigned NOT NULL AUTO_INCREMENT,
  `parametre` varchar(255) COLLATE utf8mb4_unicode_ci DEFAULT NULL,
  `unite` varchar(255) COLLATE utf8mb4_unicode_ci DEFAULT NULL,
  `created_at` timestamp NULL DEFAULT NULL,
  `updated_at` timestamp NULL DEFAULT NULL,
  PRIMARY KEY (`id`)
) ENGINE=InnoDB AUTO_INCREMENT=25 DEFAULT CHARSET=utf8mb4 COLLATE=utf8mb4_unicode_ci;
/*!40101 SET character_set_client = @saved_cs_client */;

--
-- Dumping data for table `analyse_unite_sol`
--

LOCK TABLES `analyse_unite_sol` WRITE;
/*!40000 ALTER TABLE `analyse_unite_sol` DISABLE KEYS */;
INSERT INTO `analyse_unite_sol` VALUES (1,'CT','%',NULL,NULL),(2,'CA','%',NULL,NULL),(3,'PH','Unite_pH',NULL,NULL),(4,'EC','mS_Cm',NULL,NULL),(5,'Cl','mg_kg',NULL,NULL),(6,'P2O5','mg_kg',NULL,NULL),(7,'K2O','mg_kg',NULL,NULL),(8,'Na2O','g_kg',NULL,NULL),(9,'CaO','g_kg',NULL,NULL),(10,'MgO','mg_kg',NULL,NULL),(11,'Zn_EDTA','mg_kg',NULL,NULL),(12,'Cu_EDTA','mg_kg',NULL,NULL),(13,'Mn_EDTA','mg_kg',NULL,NULL),(14,'Fe_EDTA','mg_L',NULL,NULL),(15,'NT','‰',NULL,NULL),(16,'C_O','g_kg',NULL,NULL),(17,'CEC','Cmol_kg',NULL,NULL),(18,'pH_KCI','Unité_PH',NULL,NULL),(19,'N_NO3','mg_kg',NULL,NULL),(20,'N_NH4','mg_kg',NULL,NULL),(21,'Humidité','%',NULL,NULL),(22,'Agrile','‰',NULL,NULL),(23,'Limon','‰',NULL,NULL),(24,'Sable','‰',NULL,NULL);
/*!40000 ALTER TABLE `analyse_unite_sol` ENABLE KEYS */;
UNLOCK TABLES;

--
-- Table structure for table `analyse_unite_veg`
--

DROP TABLE IF EXISTS `analyse_unite_veg`;
/*!40101 SET @saved_cs_client     = @@character_set_client */;
/*!40101 SET character_set_client = utf8 */;
CREATE TABLE `analyse_unite_veg` (
  `id` bigint(20) unsigned NOT NULL AUTO_INCREMENT,
  `parametre` varchar(255) COLLATE utf8mb4_unicode_ci DEFAULT NULL,
  `unite` varchar(255) COLLATE utf8mb4_unicode_ci DEFAULT NULL,
  `created_at` timestamp NULL DEFAULT NULL,
  `updated_at` timestamp NULL DEFAULT NULL,
  PRIMARY KEY (`id`)
) ENGINE=InnoDB AUTO_INCREMENT=15 DEFAULT CHARSET=utf8mb4 COLLATE=utf8mb4_unicode_ci;
/*!40101 SET character_set_client = @saved_cs_client */;

--
-- Dumping data for table `analyse_unite_veg`
--

LOCK TABLES `analyse_unite_veg` WRITE;
/*!40000 ALTER TABLE `analyse_unite_veg` DISABLE KEYS */;
INSERT INTO `analyse_unite_veg` VALUES (1,'Humidité','%',NULL,NULL),(2,'NTK','%',NULL,NULL),(3,'PT','%',NULL,NULL),(4,'K','%',NULL,NULL),(5,'Na','%',NULL,NULL),(6,'Ca','%',NULL,NULL),(7,'Mg','%',NULL,NULL),(8,'Zn','mg_kg',NULL,NULL),(9,'Cu','mg_kg',NULL,NULL),(10,'Mn','mg_kg',NULL,NULL),(11,'Fe','mg_kg',NULL,NULL),(12,'B','mg_kg',NULL,NULL),(13,'Poids','g',NULL,NULL),(14,'S','%',NULL,NULL);
/*!40000 ALTER TABLE `analyse_unite_veg` ENABLE KEYS */;
UNLOCK TABLES;

--
-- Table structure for table `analyse_veg`
--

DROP TABLE IF EXISTS `analyse_veg`;
/*!40101 SET @saved_cs_client     = @@character_set_client */;
/*!40101 SET character_set_client = utf8 */;
CREATE TABLE `analyse_veg` (
  `id` bigint(20) unsigned NOT NULL AUTO_INCREMENT,
  `commande_id` bigint(20) unsigned NOT NULL,
  `Humidité_%` double(8,2) DEFAULT NULL,
  `NTK_%` double(8,2) DEFAULT NULL,
  `PT_%` double(8,2) DEFAULT NULL,
  `K_%` double(8,2) DEFAULT NULL,
  `Na_%` double(8,2) DEFAULT NULL,
  `Ca_%` double(8,2) DEFAULT NULL,
  `Mg_%` double(8,2) DEFAULT NULL,
  `Zn_mg_Kg` double(8,2) DEFAULT NULL,
  `Cu_mg_Kg` double(8,2) DEFAULT NULL,
  `Mn_mg_Kg` double(8,2) DEFAULT NULL,
  `Fe_mg_Kg` double(8,2) DEFAULT NULL,
  `B_mg_Kg` double(8,2) DEFAULT NULL,
  `Poids_g` double(8,2) DEFAULT NULL,
  `S_%` double(8,2) DEFAULT NULL,
  `deleted_at` timestamp NULL DEFAULT NULL,
  `created_at` timestamp NULL DEFAULT NULL,
  `updated_at` timestamp NULL DEFAULT NULL,
  PRIMARY KEY (`id`),
  KEY `analyse_veg_commande_id_foreign` (`commande_id`),
  CONSTRAINT `analyse_veg_commande_id_foreign` FOREIGN KEY (`commande_id`) REFERENCES `commandes` (`id`) ON DELETE CASCADE ON UPDATE CASCADE
) ENGINE=InnoDB DEFAULT CHARSET=utf8mb4 COLLATE=utf8mb4_unicode_ci;
/*!40101 SET character_set_client = @saved_cs_client */;

--
-- Dumping data for table `analyse_veg`
--

LOCK TABLES `analyse_veg` WRITE;
/*!40000 ALTER TABLE `analyse_veg` DISABLE KEYS */;
/*!40000 ALTER TABLE `analyse_veg` ENABLE KEYS */;
UNLOCK TABLES;

--
-- Table structure for table `clients`
--

DROP TABLE IF EXISTS `clients`;
/*!40101 SET @saved_cs_client     = @@character_set_client */;
/*!40101 SET character_set_client = utf8 */;
CREATE TABLE `clients` (
  `id` bigint(20) unsigned NOT NULL AUTO_INCREMENT,
  `cin_rc` varchar(50) COLLATE utf8mb4_unicode_ci NOT NULL,
  `address` varchar(50) COLLATE utf8mb4_unicode_ci NOT NULL,
  `exploiteur` varchar(50) COLLATE utf8mb4_unicode_ci NOT NULL,
  `organisme` varchar(50) COLLATE utf8mb4_unicode_ci NOT NULL,
  `created_at` timestamp NULL DEFAULT NULL,
  `updated_at` timestamp NULL DEFAULT NULL,
  `deleted_at` timestamp NULL DEFAULT NULL,
  PRIMARY KEY (`id`),
  UNIQUE KEY `clients_cin_rc_unique` (`cin_rc`)
) ENGINE=InnoDB AUTO_INCREMENT=31 DEFAULT CHARSET=utf8mb4 COLLATE=utf8mb4_unicode_ci;
/*!40101 SET character_set_client = @saved_cs_client */;

--
-- Dumping data for table `clients`
--

LOCK TABLES `clients` WRITE;
/*!40000 ALTER TABLE `clients` DISABLE KEYS */;
INSERT INTO `clients` VALUES (3,'C89774','DOUAR OULED RZAG FRITISSA OUTAT EL HAJ','DRISS EL MOUSSAOUY','_','2022-01-24 08:54:02','2022-01-24 08:54:02',NULL),(4,'CB220599','TAGOUR MISSOUR','EL HARRASS ALI','_','2022-01-24 09:37:06','2022-01-24 09:37:06',NULL),(5,'_','MEKNES','EVM','ELEPHANT VERT MAROC','2022-01-24 09:43:53','2022-01-24 09:43:53',NULL),(6,'RC 8329','AIT AMIRA','DOMAINE MARGAU','_','2022-01-25 12:58:04','2022-01-25 12:58:04',NULL),(7,'D553023','EL HAJEB','YAKINE KAMAL','_','2022-01-25 13:45:09','2022-01-25 13:45:09',NULL),(8,'W209348','MEKNES','EL HMIDI AHMED','_','2022-01-25 13:48:21','2022-01-25 13:48:21',NULL),(9,'RC CI-ABJ-2014-R-3222','ADZOPE CI','BIOFERTIL','_','2022-01-25 13:51:33','2022-01-25 13:51:33',NULL),(10,'JE202580','DOUAR ZAOUI MASSA BELFAA','HRROUG ABDERRAHIM','_','2022-01-25 13:56:05','2022-01-25 13:56:05',NULL),(11,'JB265357','DOUAR TIFNIT SIDI BIBI','ENNADI ABDELTIF','-','2022-01-25 14:13:38','2022-01-25 14:13:38',NULL),(12,'RC 247679','BOUDNIB','MEDJOOL STAR','MEDJOOL STAR','2022-01-25 14:16:16','2022-01-25 14:16:16',NULL),(13,'RC 247 679','BOUDNIB','SAHAM AGRI','SAHAM AGRI','2022-01-31 14:36:15','2022-01-31 14:36:15',NULL),(14,'S 812023','ANNAD NADOR','BOUJMAA FARDASS','_','2022-03-24 15:02:27','2022-03-24 15:02:27',NULL),(24,'JB 67469','MASSA ZAOUITE CHTOUKA AIT BAHA','BELKASS M\'HAMED','_','2022-03-24 15:07:31','2022-03-24 15:07:31',NULL),(26,'JB 395392','DOUAR ESSOULEM KHMISS AIT AMIRA  CHTOUKA','NOUREDDINE MOUJAHID','ASSOCIATION AMAL ESSOUALEM','2022-03-24 15:13:54','2022-03-24 15:13:54',NULL),(28,'JC 124016','MHAITA TAROUDANT','NAIT OUALI ABDERAHIM','_','2022-03-24 15:17:25','2022-03-24 15:17:25',NULL),(29,'BIPEA','FRANCE','BIPEA','BIPEA','2022-03-24 15:41:51','2022-03-24 15:41:51',NULL);
/*!40000 ALTER TABLE `clients` ENABLE KEYS */;
UNLOCK TABLES;

--
-- Table structure for table `commandes`
--

DROP TABLE IF EXISTS `commandes`;
/*!40101 SET @saved_cs_client     = @@character_set_client */;
/*!40101 SET character_set_client = utf8 */;
CREATE TABLE `commandes` (
  `id` bigint(20) unsigned NOT NULL AUTO_INCREMENT,
  `code_commande` bigint(20) unsigned DEFAULT NULL,
  `client_id` bigint(20) unsigned NOT NULL,
  `commercial_id` bigint(20) unsigned NOT NULL,
  `menu_id` bigint(20) unsigned NOT NULL,
  `lieu_id` bigint(20) unsigned NOT NULL,
  `ref_client` varchar(50) COLLATE utf8mb4_unicode_ci NOT NULL,
  `nature` varchar(50) COLLATE utf8mb4_unicode_ci NOT NULL,
  `culture` varchar(50) COLLATE utf8mb4_unicode_ci NOT NULL,
  `varite` varchar(50) COLLATE utf8mb4_unicode_ci NOT NULL,
  `gps_1` varchar(50) COLLATE utf8mb4_unicode_ci DEFAULT NULL,
  `gps_2` varchar(50) COLLATE utf8mb4_unicode_ci DEFAULT NULL,
  `horizon_1` int(11) DEFAULT NULL,
  `horizon_2` int(11) DEFAULT NULL,
  `temperature` double(8,2) DEFAULT NULL,
  `date_reception` date NOT NULL,
  `date_prelevement` date NOT NULL,
  `date_edition` date NOT NULL,
  `state` varchar(255) COLLATE utf8mb4_unicode_ci DEFAULT NULL,
  `deleted_at` timestamp NULL DEFAULT NULL,
  `created_at` timestamp NULL DEFAULT NULL,
  `updated_at` timestamp NULL DEFAULT NULL,
  `quantite` varchar(255) COLLATE utf8mb4_unicode_ci DEFAULT NULL,
  `img_1` varchar(255) COLLATE utf8mb4_unicode_ci DEFAULT NULL,
  `img_2` varchar(255) COLLATE utf8mb4_unicode_ci DEFAULT NULL,
  PRIMARY KEY (`id`),
  UNIQUE KEY `commandes_code_commande_unique` (`code_commande`),
  KEY `commandes_lieu_id_foreign` (`lieu_id`),
  KEY `commandes_client_id_foreign` (`client_id`),
  KEY `commandes_commercial_id_foreign` (`commercial_id`),
  KEY `commandes_menu_id_foreign` (`menu_id`),
  CONSTRAINT `commandes_client_id_foreign` FOREIGN KEY (`client_id`) REFERENCES `clients` (`id`) ON DELETE CASCADE ON UPDATE CASCADE,
  CONSTRAINT `commandes_commercial_id_foreign` FOREIGN KEY (`commercial_id`) REFERENCES `commercials` (`id`) ON DELETE CASCADE ON UPDATE CASCADE,
  CONSTRAINT `commandes_lieu_id_foreign` FOREIGN KEY (`lieu_id`) REFERENCES `lieus` (`id`) ON DELETE CASCADE ON UPDATE CASCADE,
  CONSTRAINT `commandes_menu_id_foreign` FOREIGN KEY (`menu_id`) REFERENCES `menus` (`id`) ON DELETE CASCADE ON UPDATE CASCADE
) ENGINE=InnoDB AUTO_INCREMENT=192 DEFAULT CHARSET=utf8mb4 COLLATE=utf8mb4_unicode_ci;
/*!40101 SET character_set_client = @saved_cs_client */;

--
-- Dumping data for table `commandes`
--

LOCK TABLES `commandes` WRITE;
/*!40000 ALTER TABLE `commandes` DISABLE KEYS */;
INSERT INTO `commandes` VALUES (9,103486,3,22,4,3,'SOL1 P1','Terre végétale','_','_','33° 61 85 76','3° 55 61 00',0,50,NULL,'2022-01-04','2022-01-03','2022-01-24','Valid',NULL,'2022-01-24 08:55:33','2022-02-09 20:50:24','0',NULL,NULL),(10,103487,4,22,4,3,'SOL1 P1','Terre végétale','_','_','33° 61 85 76','3° 55 61 00',0,50,NULL,'2022-01-04','2022-01-03','2022-01-24','Valid',NULL,'2022-01-24 09:41:20','2022-01-24 10:17:56',NULL,NULL,NULL),(11,109518,5,59,47,3,'FO-BYSF(F311)3_L04012022AA','_','_','_','_','_',NULL,NULL,NULL,'2022-01-04','2022-01-04','2022-01-24','Valid',NULL,'2022-01-24 10:03:43','2022-01-24 11:49:18',NULL,NULL,NULL),(12,109519,5,59,47,3,'FO-BYSF(F311)4_L04012022AA','_','_','_','_','_',NULL,NULL,NULL,'2022-01-04','2022-01-04','2022-01-24','Valid',NULL,'2022-01-24 10:03:43','2022-01-24 13:37:44',NULL,NULL,NULL),(13,109520,5,59,47,3,'FO-BYSF(F311)5_L04012022AA','_','_','_','_','_',NULL,NULL,NULL,'2022-01-04','2022-01-04','2022-01-24','Valid',NULL,'2022-01-24 11:05:11','2022-01-24 13:38:06',NULL,NULL,NULL),(14,109521,5,59,47,3,'FBAP-ZIYDT(F311)4_L04012022AA','_','_','_','_','_',NULL,NULL,NULL,'2022-01-04','2022-01-04','2022-01-24','Valid',NULL,'2022-01-24 11:05:11','2022-01-24 13:38:12',NULL,NULL,NULL),(15,109522,5,59,47,3,'FO-ZIYDT(F311)7_L04012022AA','_','_','_','_','_',NULL,NULL,NULL,'2022-01-04','2022-01-04','2022-01-24','Valid',NULL,'2022-01-24 11:05:11','2022-01-24 13:38:16',NULL,NULL,NULL),(16,109523,5,59,47,3,'FO-ZIYDT(F311)8_L04012022AA','_','_','_','_','_',NULL,NULL,NULL,'2022-01-04','2022-01-04','2022-01-24','Valid',NULL,'2022-01-24 11:05:11','2022-01-24 13:38:21',NULL,NULL,NULL),(17,109524,5,59,47,3,'FO-ZIYDT(F311)9_L04012022AA','_','_','_','_','_',NULL,NULL,NULL,'2022-01-04','2022-01-04','2022-01-24','Valid',NULL,'2022-01-24 11:05:11','2022-01-24 13:38:28',NULL,NULL,NULL),(18,109525,5,59,47,3,'FO_BYSF(F311)6_L04012022AA','_','_','_','_','_',NULL,NULL,NULL,'2022-01-04','2022-01-04','2022-01-24','Valid',NULL,'2022-01-24 11:05:11','2022-01-24 13:38:31',NULL,NULL,NULL),(19,109526,5,59,47,3,'FO_BYSF(F311)7_L04012022AA','_','_','_','_','_',NULL,NULL,NULL,'2022-01-04','2022-01-04','2022-01-24','Valid',NULL,'2022-01-24 11:05:12','2022-01-24 13:38:35',NULL,NULL,NULL),(20,109527,5,59,47,3,'FO_BYSF(F311)8_L04012022AA','_','_','_','_','_',NULL,NULL,NULL,'2022-01-04','2022-01-04','2022-01-24','Valid',NULL,'2022-01-24 11:05:12','2022-01-24 13:38:39',NULL,NULL,NULL),(21,109528,5,59,47,3,'FO_ZIYDT(F311)10_L04012022AA','_','_','_','_','_',NULL,NULL,NULL,'2022-01-04','2022-01-04','2022-01-24','Valid',NULL,'2022-01-24 11:05:12','2022-01-24 13:38:42',NULL,NULL,NULL),(22,109529,5,59,47,3,'FO_ZIYDT(F311)11_L04012022AA','_','_','_','_','_',NULL,NULL,NULL,'2022-01-04','2022-01-04','2022-01-24','Valid',NULL,'2022-01-24 11:05:12','2022-01-24 13:38:46',NULL,NULL,NULL),(23,109530,5,59,47,3,'FO-BYSF(F311)9_L04012022AA','_','_','_','_','_',NULL,NULL,NULL,'2022-01-04','2022-01-04','2022-01-24','Valid',NULL,'2022-01-24 11:05:12','2022-01-24 13:38:50',NULL,NULL,NULL),(24,109531,5,59,47,3,'FO-BYSF(F311)10_L04012022AA','_','_','_','_','_',NULL,NULL,NULL,'2022-01-04','2022-01-04','2022-01-24','Valid',NULL,'2022-01-24 11:05:12','2022-01-24 13:38:57',NULL,NULL,NULL),(25,109532,5,59,47,3,'FBAP-ZIYDT(F311)5_L04012022AA','_','_','_','_','_',NULL,NULL,NULL,'2022-01-04','2022-01-04','2022-01-24','Valid',NULL,'2022-01-24 11:05:12','2022-01-24 13:40:20',NULL,NULL,NULL),(26,109533,5,59,47,3,'FO-ZIYDT(F311)12_L04012022AA','_','_','_','_','_',NULL,NULL,NULL,'2022-01-04','2022-01-04','2022-01-24','Valid',NULL,'2022-01-24 11:05:12','2022-01-24 13:40:25',NULL,NULL,NULL),(27,109534,5,59,47,3,'FO-BYSF(F311)11_L04012022AA','_','_','_','_','_',NULL,NULL,NULL,'2022-01-04','2022-01-04','2022-01-24','Valid',NULL,'2022-01-24 11:05:13','2022-01-24 13:40:28',NULL,NULL,NULL),(28,109535,5,59,47,3,'FO-ZIYD4_L29122021OE','_','_','_','_','_',NULL,NULL,NULL,'2022-01-04','2022-01-04','2022-01-24','Valid',NULL,'2022-01-24 11:05:13','2022-01-24 13:40:34',NULL,NULL,NULL),(29,109536,5,59,47,3,'FO-FBVA2_L29122021OE','_','_','_','_','_',NULL,NULL,NULL,'2022-01-04','2022-01-04','2022-01-24','Valid',NULL,'2022-01-24 11:05:13','2022-01-24 13:40:39',NULL,NULL,NULL),(30,109537,5,59,47,3,'FO-BYSF2_L29122021OE','_','_','_','_','_',NULL,NULL,NULL,'2022-01-04','2022-01-04','2022-01-24','Valid',NULL,'2022-01-24 11:05:13','2022-01-24 13:40:43',NULL,NULL,NULL),(31,109538,5,59,47,3,'FO-BYSF1_L29122021OE','_','_','_','_','_',NULL,NULL,NULL,'2022-01-04','2022-01-04','2022-01-24','Valid',NULL,'2022-01-24 11:05:13','2022-01-24 13:40:54',NULL,NULL,NULL),(32,109539,5,59,47,3,'FO-ZIYD6_L29122021OE','_','_','_','_','_',NULL,NULL,NULL,'2022-01-04','2022-01-04','2022-01-24','Valid',NULL,'2022-01-24 11:05:13','2022-01-24 13:40:58',NULL,NULL,NULL),(33,109540,5,59,47,3,'FO-ZIYD1_L29122021OE','_','_','_','_','_',NULL,NULL,NULL,'2022-01-04','2022-01-04','2022-01-24','Valid',NULL,'2022-01-24 11:05:13','2022-01-24 13:41:06',NULL,NULL,NULL),(34,109541,5,59,47,3,'FBAP-ZIYD3_L29122021OE','_','_','_','_','_',NULL,NULL,NULL,'2022-01-04','2022-01-04','2022-01-24','Valid',NULL,'2022-01-24 11:05:14','2022-01-24 13:41:15',NULL,NULL,NULL),(35,109542,5,59,47,3,'FO-FBVA1_L29122021OE','_','_','_','_','_',NULL,NULL,NULL,'2022-01-04','2022-01-04','2022-01-24','Valid',NULL,'2022-01-24 11:05:14','2022-01-24 13:41:19',NULL,NULL,NULL),(36,109543,5,59,47,3,'FO-ZIYD5_L29122021OE','_','_','_','_','_',NULL,NULL,NULL,'2022-01-04','2022-01-04','2022-01-24','Valid',NULL,'2022-01-24 11:05:14','2022-01-24 13:41:22',NULL,NULL,NULL),(37,109544,5,59,47,3,'FO-ZIYD2_L29122021OE','_','_','_','_','_',NULL,NULL,NULL,'2022-01-04','2022-01-04','2022-01-24','Valid',NULL,'2022-01-24 11:05:14','2022-01-24 13:41:25',NULL,NULL,NULL),(38,109545,5,59,47,3,'FBAP-ZIYD2_L29122021OE','-','-','-','-','-',NULL,NULL,NULL,'2022-01-04','2022-01-04','2022-01-25','Valid',NULL,'2022-01-25 12:48:29','2022-01-25 14:26:04',NULL,NULL,NULL),(39,109546,5,59,47,3,'FO-ZIYD3_L29122021OE','-','-','-','-','-',NULL,NULL,NULL,'2022-01-04','2022-01-04','2022-01-25','Valid',NULL,'2022-01-25 12:48:29','2022-01-25 14:26:12',NULL,NULL,NULL),(40,109547,5,59,47,3,'FBAP-ZIYD1_L29122021OE','-','-','-','-','-',NULL,NULL,NULL,'2022-01-04','2022-01-04','2022-01-25','Valid',NULL,'2022-01-25 12:48:30','2022-01-25 14:26:15',NULL,NULL,NULL),(41,109548,5,59,47,3,'PF-GALNTP_L04012022AA','-','-','-','-','-',NULL,NULL,NULL,'2022-01-04','2022-01-04','2022-01-25','Valid',NULL,'2022-01-25 12:48:30','2022-01-25 14:26:23',NULL,NULL,NULL),(42,109549,5,59,47,3,'PF-2.3.2(F270)_L04012022AA','-','-','-','-','-',NULL,NULL,NULL,'2022-01-04','2022-01-04','2022-01-25','Valid',NULL,'2022-01-25 12:48:30','2022-01-25 14:26:31',NULL,NULL,NULL),(43,109550,5,59,47,3,'PF-ORGNV(F261)_L04012022AA','-','-','-','-','-',NULL,NULL,NULL,'2022-01-04','2022-01-04','2022-01-25','Valid',NULL,'2022-01-25 12:48:30','2022-01-25 14:26:40',NULL,NULL,NULL),(44,109551,5,59,47,3,'PF-2.2.8(F270)2_L04012022AA','-','-','-','-','-',NULL,NULL,NULL,'2022-01-04','2022-01-04','2022-01-25','Valid',NULL,'2022-01-25 12:48:30','2022-01-25 14:26:43',NULL,NULL,NULL),(45,109552,5,59,47,3,'PF-2.2.8(F270)1_L04012022AA','-','-','-','-','-',NULL,NULL,NULL,'2022-01-04','2022-01-04','2022-01-25','Valid',NULL,'2022-01-25 12:48:30','2022-01-25 14:26:46',NULL,NULL,NULL),(46,112036,6,3,26,2,'22-DM-S1-BC1-P1','Feuilles entières','_','_','_','_',NULL,NULL,NULL,'2022-01-05','2022-01-05','2022-01-25','Valid',NULL,'2022-01-25 13:11:00','2022-01-26 10:14:18',NULL,NULL,NULL),(47,112037,6,3,26,2,'22-DM-S1-BC1-P2','Feuilles entières','_','_','_','_',NULL,NULL,NULL,'2022-01-05','2022-01-05','2022-01-25','Valid',NULL,'2022-01-25 13:11:00','2022-01-26 10:14:25',NULL,NULL,NULL),(48,112038,6,3,26,2,'22-DM-S1-BC1-P3','Feuilles entières','_','_','_','_',NULL,NULL,NULL,'2022-01-05','2022-01-05','2022-01-25','Valid',NULL,'2022-01-25 13:11:01','2022-01-26 10:14:30',NULL,NULL,NULL),(49,112039,6,3,26,2,'22-DM-S1-BC1-P4','Feuilles entières','_','_','_','_',NULL,NULL,NULL,'2022-01-05','2022-01-05','2022-01-25','Valid',NULL,'2022-01-25 13:11:01','2022-01-26 10:14:34',NULL,NULL,NULL),(50,112040,6,3,26,2,'22-DM-S1-BC1-P5','Feuilles entières','_','_','_','_',NULL,NULL,NULL,'2022-01-05','2022-01-05','2022-01-25','Valid',NULL,'2022-01-25 13:11:01','2022-01-26 10:14:44',NULL,NULL,NULL),(51,112041,6,3,26,2,'22-DM-S1-BC1-P6','Feuilles entières','_','_','_','_',NULL,NULL,NULL,'2022-01-05','2022-01-05','2022-01-25','Valid',NULL,'2022-01-25 13:11:01','2022-01-26 10:14:49',NULL,NULL,NULL),(52,112042,6,3,26,2,'22-DM-S1-BC1-P7','Feuilles entières','_','_','_','_',NULL,NULL,NULL,'2022-01-05','2022-01-05','2022-01-25','Valid',NULL,'2022-01-25 13:11:01','2022-01-26 10:14:55',NULL,NULL,NULL),(53,112043,6,3,26,2,'22-DM-S1-BC1-P8','Feuilles entières','_','_','_','_',NULL,NULL,NULL,'2022-01-05','2022-01-05','2022-01-25','Valid',NULL,'2022-01-25 13:11:01','2022-01-26 10:15:04',NULL,NULL,NULL),(54,112044,6,3,26,2,'22-DM-S1-BC1-P9','Feuilles entières','_','_','_','_',NULL,NULL,NULL,'2022-01-05','2022-01-05','2022-01-25','Valid',NULL,'2022-01-25 13:11:01','2022-01-26 10:15:12',NULL,NULL,NULL),(55,112045,6,3,26,2,'22-DM-S1-BC1-P10','Feuilles entières','_','_','_','_',NULL,NULL,NULL,'2022-01-05','2022-01-05','2022-01-25','Valid',NULL,'2022-01-25 13:11:02','2022-01-26 10:15:17',NULL,NULL,NULL),(56,109553,5,59,47,3,'FO-TBVA(F312)3_L06012022AA','_','_','_','_','_',NULL,NULL,NULL,'2022-01-06','2022-01-06','2022-01-25','Valid',NULL,'2022-01-25 13:38:22','2022-01-25 14:26:50',NULL,NULL,NULL),(57,109554,5,59,47,3,'FO-ZIYDT(F311)13_L06012022AA','_','_','_','_','_',NULL,NULL,NULL,'2022-01-06','2022-01-06','2022-01-25','Valid',NULL,'2022-01-25 13:38:22','2022-01-25 14:26:53',NULL,NULL,NULL),(58,109555,5,59,47,3,'FO-TBVA(311)4_L06012022AA','_','_','_','_','_',NULL,NULL,NULL,'2022-01-06','2022-01-06','2022-01-25','Valid',NULL,'2022-01-25 13:38:22','2022-01-25 14:26:57',NULL,NULL,NULL),(59,109556,5,59,47,3,'FO-ZIYDT(F312)14_L06012022AA','_','_','_','_','_',NULL,NULL,NULL,'2022-01-06','2022-01-06','2022-01-25','Valid',NULL,'2022-01-25 13:38:23','2022-01-25 14:27:15',NULL,NULL,NULL),(60,109557,5,59,47,3,'FO-BYSF(F312)11_L06012022AA','_','_','_','_','_',NULL,NULL,NULL,'2022-01-06','2022-01-06','2022-01-25','Valid',NULL,'2022-01-25 13:38:23','2022-01-25 14:27:19',NULL,NULL,NULL),(61,109558,5,59,47,3,'FO-ZIYDT(F312)15_L06012022AA','_','_','_','_','_',NULL,NULL,NULL,'2022-01-06','2022-01-06','2022-01-25','Valid',NULL,'2022-01-25 13:38:23','2022-01-25 14:27:24',NULL,NULL,NULL),(62,109559,5,59,47,3,'FO-ZIYDT(F312)16_L06012022AA','_','_','_','_','_',NULL,NULL,NULL,'2022-01-06','2022-01-06','2022-01-25','Valid',NULL,'2022-01-25 13:38:23','2022-01-25 14:27:27',NULL,NULL,NULL),(63,109560,5,59,47,3,'FO-ZIYDT(F312)17_L06012022AA','_','_','_','_','_',NULL,NULL,NULL,'2022-01-06','2022-01-06','2022-01-25','Valid',NULL,'2022-01-25 13:38:23','2022-01-25 14:27:30',NULL,NULL,NULL),(64,109561,5,59,47,3,'FBAP-ZIYDT(F312)6_L06012022AA','_','_','_','_','_',NULL,NULL,NULL,'2022-01-06','2022-01-06','2022-01-25','Valid',NULL,'2022-01-25 13:38:23','2022-01-25 14:27:34',NULL,NULL,NULL),(65,109562,5,59,47,3,'FBAP-ZIYDT(F312)7_L06012022AA','_','_','_','_','_',NULL,NULL,NULL,'2022-01-06','2022-01-06','2022-01-25','Valid',NULL,'2022-01-25 13:38:24','2022-01-25 14:27:38',NULL,NULL,NULL),(66,109563,5,59,47,3,'FO-ZIYD(F312)18_L06012022AA','_','_','_','_','_',NULL,NULL,NULL,'2022-01-06','2022-01-06','2022-01-25','Valid',NULL,'2022-01-25 13:38:24','2022-01-25 14:27:41',NULL,NULL,NULL),(67,109564,5,59,47,3,'FBAP-ZIYDT(F312)8_L06012022AA','_','_','_','_','_',NULL,NULL,NULL,'2022-01-06','2022-01-06','2022-01-25','Valid',NULL,'2022-01-25 13:38:24','2022-01-25 14:27:48',NULL,NULL,NULL),(68,109565,5,59,47,3,'FBAP-ZIYDI(F312)9_L06012022AA','_','_','_','_','_',NULL,NULL,NULL,'2022-01-06','2022-01-06','2022-01-25','Valid',NULL,'2022-01-25 13:38:24','2022-01-25 14:27:51',NULL,NULL,NULL),(69,109566,5,59,47,3,'FO-BYSF(F311)12_L06012022AA','_','_','_','_','_',NULL,NULL,NULL,'2022-01-06','2022-01-06','2022-01-25','Valid',NULL,'2022-01-25 13:38:24','2022-01-25 14:27:57',NULL,NULL,NULL),(70,109567,5,59,47,3,'FO-BYSF(F312)13_L06012022AA','_','_','_','_','_',NULL,NULL,NULL,'2022-01-06','2022-01-06','2022-01-25','Valid',NULL,'2022-01-25 13:38:24','2022-01-25 14:28:01',NULL,NULL,NULL),(71,109568,5,59,47,3,'FO-ZIYDT(F311)19_L06012022AA','_','_','_','_','_',NULL,NULL,NULL,'2022-01-06','2022-01-06','2022-01-25','Valid',NULL,'2022-01-25 13:38:25','2022-01-25 14:28:04',NULL,NULL,NULL),(72,109569,5,59,47,3,'FO-ZIYDT(F312)20_L06012022AA','_','_','_','_','_',NULL,NULL,NULL,'2022-01-06','2022-01-06','2022-01-25','Valid',NULL,'2022-01-25 13:38:25','2022-01-25 14:28:13',NULL,NULL,NULL),(73,109570,5,59,47,3,'FO-BYSF(F311)14_L06012022AA','_','_','_','_','_',NULL,NULL,NULL,'2022-01-06','2022-01-06','2022-01-25','Valid',NULL,'2022-01-25 13:38:25','2022-01-25 14:28:19',NULL,NULL,NULL),(74,109571,5,59,47,3,'FO-BYSF(F312)15_L06012022AA','_','_','_','_','_',NULL,NULL,NULL,'2022-01-06','2022-01-06','2022-01-25','Valid',NULL,'2022-01-25 13:38:25','2022-01-25 14:28:22',NULL,NULL,NULL),(75,109572,5,59,47,3,'FO-ZIYDT(F312)21_L06012022AA','_','_','_','_','_',NULL,NULL,NULL,'2022-01-06','2022-01-06','2022-01-25','Valid',NULL,'2022-01-25 13:38:25','2022-01-25 14:28:32',NULL,NULL,NULL),(76,109573,5,59,47,3,'FO-ZIYDT(F312)22_L06012022AA','_','_','_','_','_',NULL,NULL,NULL,'2022-01-06','2022-01-06','2022-01-25','Valid',NULL,'2022-01-25 13:38:25','2022-01-25 14:28:36',NULL,NULL,NULL),(77,109574,5,59,47,3,'FO-ZIYDT(F312)23_L06012022AA','_','_','_','_','_',NULL,NULL,NULL,'2022-01-06','2022-01-06','2022-01-25','Valid',NULL,'2022-01-25 13:38:25','2022-01-25 14:28:39',NULL,NULL,NULL),(78,109575,5,59,47,3,'FO-TBVA(F312)5_L06012022AA','_','_','_','_','_',NULL,NULL,NULL,'2022-01-06','2022-01-06','2022-01-25','Valid',NULL,'2022-01-25 13:38:25','2022-01-25 14:28:42',NULL,NULL,NULL),(79,109576,5,59,47,3,'FBAP-ZIYDI(F312)10_L06012022AA','_','_','_','_','_',NULL,NULL,NULL,'2022-01-06','2022-01-06','2022-01-25','Valid',NULL,'2022-01-25 13:38:26','2022-01-25 14:28:45',NULL,NULL,NULL),(80,109577,5,59,47,3,'FO-ZIYDT(F311)28_L06012022AA','_','_','_','_','_',NULL,NULL,NULL,'2022-01-06','2022-01-06','2022-01-25','Valid',NULL,'2022-01-25 13:38:26','2022-01-25 14:28:49',NULL,NULL,NULL),(81,109578,5,59,47,3,'FO-BYSF(F312)17_L06012022AA','_','_','_','_','_',NULL,NULL,NULL,'2022-01-06','2022-01-06','2022-01-25','Valid',NULL,'2022-01-25 13:38:26','2022-01-25 14:28:53',NULL,NULL,NULL),(82,109579,5,59,47,3,'FO-ZIYDT(F311)29_L06012022AA','_','_','_','_','_',NULL,NULL,NULL,'2022-01-06','2022-01-06','2022-01-25','Valid',NULL,'2022-01-25 13:38:26','2022-01-25 14:28:58',NULL,NULL,NULL),(83,109580,5,59,47,3,'FO-BYSF(F311)18_L06012022AA','_','_','_','_','_',NULL,NULL,NULL,'2022-01-06','2022-01-06','2022-01-25','Valid',NULL,'2022-01-25 13:38:26','2022-01-25 14:29:14',NULL,NULL,NULL),(85,109581,5,59,47,3,'FO-BYSF(F311)19_L06012022AA','_','_','_','_','_',NULL,NULL,NULL,'2022-01-06','2022-01-06','2022-01-25','Valid',NULL,'2022-01-25 13:38:26','2022-02-23 09:32:10',NULL,NULL,NULL),(87,109582,5,59,47,3,'FO-ZIYDT(F311)30_L06012022AA','_','_','_','_','_',NULL,NULL,NULL,'2022-01-06','2022-01-06','2022-01-25','Valid',NULL,'2022-01-25 13:38:26','2022-02-23 09:32:32',NULL,NULL,NULL),(89,109583,5,59,47,3,'FBAP-ZIYDT(F311)14_L06012022AA','_','_','_','_','_',NULL,NULL,NULL,'2022-01-06','2022-01-06','2022-01-25','Valid',NULL,'2022-01-25 13:38:26','2022-02-23 09:32:48',NULL,NULL,NULL),(91,109584,5,59,47,3,'FO-BYSF(F312)20_L06012022AA','_','_','_','_','_',NULL,NULL,NULL,'2022-01-06','2022-01-06','2022-01-25','Valid',NULL,'2022-01-25 13:38:27','2022-02-23 09:33:05',NULL,NULL,NULL),(93,109585,5,59,47,3,'FBAP-ZIYDT(F312)11_L06012022AA','_','_','_','_','_',NULL,NULL,NULL,'2022-01-06','2022-01-06','2022-01-25','Valid',NULL,'2022-01-25 13:38:27','2022-02-23 09:33:26',NULL,NULL,NULL),(95,109586,5,59,47,3,'FO-ZIYDT(F312)24_L06012022AA','_','_','_','_','_',NULL,NULL,NULL,'2022-01-06','2022-01-06','2022-01-25','Valid',NULL,'2022-01-25 13:38:27','2022-02-23 09:33:58',NULL,NULL,NULL),(97,109587,5,59,47,3,'FO-ZIYDT(F312)25_L06012022AA','_','_','_','_','_',NULL,NULL,NULL,'2022-01-06','2022-01-06','2022-01-25','Valid',NULL,'2022-01-25 13:38:27','2022-02-23 09:34:38',NULL,NULL,NULL),(99,109588,5,59,47,3,'FBAP-ZIYDT(F312)12_L06012022AA','_','_','_','_','_',NULL,NULL,NULL,'2022-01-06','2022-01-06','2022-01-25','Valid',NULL,'2022-01-25 13:38:27','2022-02-23 09:34:51',NULL,NULL,NULL),(101,109589,5,59,47,3,'FBAP-ZIYDT(F312)13_L06012022AA','_','_','_','_','_',NULL,NULL,NULL,'2022-01-06','2022-01-06','2022-01-25','Valid',NULL,'2022-01-25 13:38:27','2022-02-23 09:35:03',NULL,NULL,NULL),(103,109590,5,59,47,3,'FO-ZIYDT(F312)26_L06012022AA','_','_','_','_','_',NULL,NULL,NULL,'2022-01-06','2022-01-06','2022-01-25','Valid',NULL,'2022-01-25 13:38:28','2022-02-23 09:35:18',NULL,NULL,NULL),(105,109591,5,59,47,3,'FO-BYSF(F312)16_L06012022AA','_','_','_','_','_',NULL,NULL,NULL,'2022-01-06','2022-01-06','2022-01-25','Valid',NULL,'2022-01-25 13:38:28','2022-02-23 09:35:26',NULL,NULL,NULL),(107,109592,5,59,47,3,'FO-ZIYDT(F312)27_L06012022AA','_','_','_','_','_',NULL,NULL,NULL,'2022-01-06','2022-01-06','2022-01-25','Valid',NULL,'2022-01-25 13:38:28','2022-02-23 09:35:41',NULL,NULL,NULL),(136,109593,5,59,13,3,'PF-2.3.2(F270)_L10012022AA','COMPOST','_','_','_','_',NULL,NULL,NULL,'2022-01-10','2022-01-10','2022-01-25','Valid',NULL,'2022-01-25 13:41:51','2022-02-23 09:36:36',NULL,NULL,NULL),(137,109594,5,59,13,3,'PF-276_L12012022AA','COMPOST','_','_','_','_',NULL,NULL,NULL,'2022-01-12','2022-01-12','2022-01-25','Valid',NULL,'2022-01-25 13:43:04','2022-02-23 09:37:11',NULL,NULL,NULL),(138,109595,5,59,13,3,'MEL-F307_L13012022AA','COMPOST','_','_','_','_',NULL,NULL,NULL,'2022-01-13','2022-01-13','2022-01-25','Valid',NULL,'2022-01-25 13:43:57','2022-02-23 09:37:22',NULL,NULL,NULL),(139,109596,5,59,13,3,'PF-F271_L17012022AA','_','_','_','_','_',NULL,NULL,NULL,'2022-01-17','2022-01-17','2022-01-25','Valid',NULL,'2022-01-25 13:44:30','2022-02-23 09:37:42',NULL,NULL,NULL),(140,103488,7,43,4,3,'HORIZON 20-40','Terre végétale','VIGNE','MUSCAT','33° 72 78 95','5° 39 78 44',20,40,NULL,'2022-01-14','2022-01-14','2022-01-25','Valid',NULL,'2022-01-25 13:47:44','2022-01-27 09:41:56',NULL,NULL,NULL),(141,103489,7,43,4,3,'HORIZON 60-100','Terre végétale','VIGNE','MUSCAT','33° 72 78 95','5° 39 78 44',60,100,NULL,'2022-01-14','2022-01-14','2022-01-25','Valid',NULL,'2022-01-25 13:47:44','2022-01-27 10:14:47',NULL,NULL,NULL),(142,103490,8,43,4,3,'HORIZON 20-40','Terre végétale','VIGNE','MUSCAT','33° 72 53 4','5° 67 75 3',20,40,NULL,'2022-01-14','2022-01-14','2022-01-25','Valid',NULL,'2022-01-25 13:50:38','2022-02-23 09:39:54',NULL,NULL,NULL),(143,103491,8,43,4,3,'HORIZON 60-100','Terre végétale','VIGNE','MUSCAT','33° 72 53 4','5° 67 75 3',60,100,NULL,'2022-01-14','2022-01-14','2022-01-25','Valid',NULL,'2022-01-25 13:50:39','2022-02-23 09:40:00',NULL,NULL,NULL),(144,109597,9,71,14,3,'MP-FAP-1111121WIK','FARINE DE POISSON','_','_','_','_',NULL,NULL,NULL,'2022-01-17','2021-11-11','2022-01-25','Valid',NULL,'2022-01-25 13:54:36','2022-02-23 09:38:34',NULL,NULL,NULL),(145,109598,9,71,14,3,'MP-FAP-1011121WIK','FARINE DE POISSON','_','_','_','_',NULL,NULL,NULL,'2022-01-17','2021-11-10','2022-01-25','Valid',NULL,'2022-01-25 13:54:36','2022-02-23 09:38:42',NULL,NULL,NULL),(146,109599,9,71,14,3,'MP-CDR-101121-WIK','_','_','_','_','_',NULL,NULL,NULL,'2022-01-17','2021-11-10','2022-01-25','Valid',NULL,'2022-01-25 13:54:36','2022-02-23 09:38:52',NULL,NULL,NULL),(147,109600,5,59,13,3,'PF-GALNTP_L17012022AA','_','_','_','_','_',NULL,NULL,NULL,'2022-01-17','2022-01-17','2022-01-25','Valid',NULL,'2022-01-25 13:55:35','2022-02-23 09:39:07',NULL,NULL,NULL),(148,103492,10,4,4,3,'PARCELLE N°1','Terre végétale','_','_','29° 98 65 56','9° 65 19 42',0,20,NULL,'2022-01-20','2022-01-17','2022-01-25','Valid',NULL,'2022-01-25 13:59:20','2022-02-23 09:40:10',NULL,NULL,NULL),(149,103493,10,4,4,3,'PARCELLE N°2','Terre végétale','_','_','29° 98 65 56','9° 65 19 42',0,20,NULL,'2022-01-20','2022-01-17','2022-01-25','Valid',NULL,'2022-01-25 13:59:20','2022-02-23 09:40:19',NULL,NULL,NULL),(150,103494,10,4,4,3,'PARCELLE N°3','Terre végétale','_','_','29° 98 65 56','9° 65 19 42',0,20,NULL,'2022-01-20','2022-01-17','2022-01-25','Valid',NULL,'2022-01-25 13:59:20','2022-02-23 09:40:26',NULL,NULL,NULL),(151,100206,10,4,1,3,'EAU DE PUITS','EAU DE PUITS','_','_','29° 98 65 56','9° 65 19 42',NULL,NULL,4.00,'2022-01-20','2022-01-17','2022-01-25','Valid',NULL,'2022-01-25 13:59:20','2022-02-23 09:42:51',NULL,NULL,NULL),(152,109601,5,59,13,3,'PF-2.2.8-1(F276)_L19012022AA','-','-','-','-','-',NULL,NULL,NULL,'2022-01-19','2022-01-19','2022-01-25','Valid',NULL,'2022-01-25 14:10:19','2022-02-23 09:43:31',NULL,NULL,NULL),(153,109602,5,59,13,3,'PF-2.2.8-2(F276)_L19012022AA','-','-','-','-','-',NULL,NULL,NULL,'2022-01-19','2022-01-19','2022-01-25','Valid',NULL,'2022-01-25 14:10:19','2022-02-23 09:43:37',NULL,NULL,NULL),(154,109603,5,59,13,3,'PF-2.2.8-3(F276)_L19012022AA','-','-','-','-','-',NULL,NULL,NULL,'2022-01-19','2022-01-19','2022-01-25','Valid',NULL,'2022-01-25 14:10:19','2022-02-23 09:43:42',NULL,NULL,NULL),(155,109604,5,59,13,3,'PF-2.3.2(F276)_L19012022AA','-','-','-','-','-',NULL,NULL,NULL,'2022-01-19','2022-01-19','2022-01-25','Valid',NULL,'2022-01-25 14:10:19','2022-02-23 09:43:59',NULL,NULL,NULL),(156,109605,5,59,13,3,'PF-ORGNV(F261+C5)_L19012022AA','-','-','-','-','-',NULL,NULL,NULL,'2022-01-19','2022-01-19','2022-01-25','Valid',NULL,'2022-01-25 14:10:19','2022-02-23 09:44:08',NULL,NULL,NULL),(157,109606,5,59,13,3,'PF-ORGNV(RF)_L19012022AA','-','-','-','-','-',NULL,NULL,NULL,'2022-01-19','2022-01-19','2022-01-25','Valid',NULL,'2022-01-25 14:10:19','2022-02-23 09:44:19',NULL,NULL,NULL),(158,109607,5,59,13,3,'PF-F279_L20012022AA','-','-','-','-','-',NULL,NULL,NULL,'2022-01-20','2022-01-20','2022-01-25','Valid',NULL,'2022-01-25 14:13:12','2022-02-23 09:44:27',NULL,NULL,NULL),(159,103495,11,57,4,3,'PARCELLE N°08','Terre végétale','HARICOT','FRAZIDA','30° 09 03 3','9° 35 24 9',0,20,NULL,'2022-01-24','2022-01-20','2022-01-25','Valid',NULL,'2022-01-25 14:15:50','2022-02-23 09:44:52',NULL,NULL,NULL),(160,103496,12,19,4,3,'P51L23AR3','Terre végétale','PALMIER DATTIER','MJHOL','31° 99 4','3° 72 4',0,40,NULL,'2022-01-24','2022-01-22','2022-01-25','Valid',NULL,'2022-01-25 14:25:23','2022-02-23 09:45:14',NULL,NULL,NULL),(161,103497,12,19,4,3,'P47L27AR9','Terre végétale','PALMIER DATTIER','MJHOL','31° 99 4','3° 72 4',0,40,NULL,'2022-01-24','2022-01-22','2022-01-25','Valid',NULL,'2022-01-25 14:25:23','2022-02-23 09:45:20',NULL,NULL,NULL),(162,103498,12,19,4,3,'P53L28AR19','Terre végétale','PALMIER DATTIER','MJHOL','31° 99 4','3° 72 4',0,40,NULL,'2022-01-24','2022-01-22','2022-01-25','Valid',NULL,'2022-01-25 14:25:23','2022-02-23 09:45:26',NULL,NULL,NULL),(163,103499,12,19,4,3,'P43L8AR23','Terre végétale','PALMIER DATTIER','MJHOL','31° 99 4','3° 72 4',0,40,NULL,'2022-01-24','2022-01-22','2022-01-25','Valid',NULL,'2022-01-25 14:25:23','2022-02-23 09:45:31',NULL,NULL,NULL),(164,103500,12,19,4,3,'P57L7A4','Terre végétale','PALMIER DATTIER','MJHOL','31° 99 4','3° 72 4',0,40,NULL,'2022-01-24','2022-01-22','2022-01-25','Valid',NULL,'2022-01-25 14:25:24','2022-02-23 09:45:36',NULL,NULL,NULL),(165,103501,12,19,4,3,'P60L6AR4','Terre végétale','PALMIER DATTIER','MJHOL','31° 99 4','3° 72 4',0,40,NULL,'2022-01-24','2022-01-22','2022-01-25','Valid',NULL,'2022-01-25 14:25:24','2022-02-23 09:45:42',NULL,NULL,NULL),(166,103502,12,19,4,3,'P66L11AR16','Terre végétale','PALMIER DATTIER','MJHOL','31° 99 4','3° 72 4',0,40,NULL,'2022-01-24','2022-01-22','2022-01-25','Valid',NULL,'2022-01-25 14:25:24','2022-02-23 09:45:48',NULL,NULL,NULL),(167,103503,12,19,4,3,'P83L2AR6','Terre végétale','PALMIER DATTIER','MJHOL','31° 99 4','3° 72 4',0,40,NULL,'2022-01-24','2022-01-22','2022-01-25','Valid',NULL,'2022-01-25 14:25:24','2022-02-23 09:45:54',NULL,NULL,NULL),(168,103504,12,19,4,3,'P74L2AR15','Terre végétale','PALMIER DATTIER','MJHOL','31° 99 4','3° 72 4',0,40,NULL,'2022-01-24','2022-01-22','2022-01-25','Valid',NULL,'2022-01-25 14:25:24','2022-02-23 09:46:00',NULL,NULL,NULL),(169,103505,12,19,4,3,'P89L8AR22','Terre végétale','PALMIER DATTIER','MJHOL','31° 99 4','3° 72 4',0,40,NULL,'2022-01-24','2022-01-22','2022-01-25','Valid',NULL,'2022-01-25 14:25:24','2022-02-23 09:49:11',NULL,NULL,NULL),(170,102014,13,19,3,3,'F3','Eau de Forage','_','_','_','_',NULL,NULL,4.00,'2021-10-08','2021-10-06','2022-01-31','Valid',NULL,'2022-01-31 14:39:54','2022-01-31 15:03:50',NULL,NULL,NULL),(171,109608,5,59,37,3,'MEL-F310_L27012022AA','_','_','_','_','_',NULL,NULL,NULL,'2022-01-27','2022-01-27','2022-02-25','Valid',NULL,'2022-02-25 13:06:02','2022-03-24 14:29:07','10L','ac3d19f12673fd162783ec88f279c288.jpg','2a5226d45cbf7576389d5196e05c4c22.jpg'),(172,109609,5,59,37,3,'MEL-F311_L27012022AA','_','_','_','_','_',NULL,NULL,NULL,'2022-01-27','2022-01-27','2022-02-25','Valid',NULL,'2022-02-25 13:06:03','2022-03-24 14:29:27','10L','7e4798a3da65d4ffaaf413a671506842.jpg','cebeaaa4c207ed70578102b44d34a654.jpg'),(173,109610,5,59,37,3,'MEL-F308_L27012022AA','_','_','_','_','_',NULL,NULL,NULL,'2022-01-27','2022-01-27','2022-02-25','Valid',NULL,'2022-02-25 13:06:03','2022-03-24 14:29:49','10L','1ecfe4af2f7f67c7c60282d5cb422134.jpg','f749bca523e5ebfb212ee5cfc55d578e.jpg'),(174,NULL,5,59,13,3,'CB_L27012022AA','Terre végétale','_','_','_','_',NULL,NULL,NULL,'2022-01-27','2021-01-27','2022-03-24','En cours',NULL,'2022-03-24 14:56:39','2022-03-24 15:00:29','10 L',NULL,NULL),(175,NULL,5,59,13,3,'PF-2.2.8-1(F279)_L27012022AA','_','_','_','_','_',NULL,NULL,NULL,'2022-01-27','2022-01-27','2022-03-24','En cours',NULL,'2022-03-24 14:59:00','2022-03-24 14:59:00','10 L',NULL,NULL),(176,NULL,5,59,13,3,'PF-2.2.8-2(F279)_L27012022AA','_','_','_','_','_',NULL,NULL,NULL,'2022-01-27','2022-01-27','2022-03-24','En cours',NULL,'2022-03-24 14:59:00','2022-03-24 14:59:00','10 L',NULL,NULL),(177,NULL,5,59,13,3,'PF-2.3.2(F279)_L27012022AA','_','_','_','_','_',NULL,NULL,NULL,'2022-01-27','2022-01-27','2022-03-24','En cours',NULL,'2022-03-24 14:59:00','2022-03-24 14:59:00','10 L',NULL,NULL),(178,NULL,5,59,37,3,'PF-F267_L31012022AA','_','_','_','_','_',NULL,NULL,NULL,'2022-01-31','2022-01-31','2022-03-24','En cours',NULL,'2022-03-24 15:00:02','2022-03-24 15:00:02','10 L',NULL,NULL),(179,NULL,14,52,4,3,'PARCELLE 01','Terre végétale','VIGNE','MUSCAT D\'ITIALIE','34° 57 25','3° 00 08',0,30,NULL,'2022-02-27','2022-01-24','2022-03-24','En cours',NULL,'2022-03-24 15:07:07','2022-03-24 15:07:07','1 Kg',NULL,NULL),(180,NULL,24,4,4,3,'PARCELLE N°1','Terre végétale','TOMATE','_','29° 97 75 20','9° 64 05 73',0,30,NULL,'2022-01-28','2022-01-25','2022-03-24','En cours',NULL,'2022-03-24 15:12:02','2022-03-24 15:12:02','1 Kg',NULL,NULL),(181,NULL,24,4,4,3,'PARCELLE N°2','Terre végétale','TOMATE','_','29° 97 75 20','9° 64 05 73',0,30,NULL,'2022-01-28','2022-01-25','2022-03-24','En cours',NULL,'2022-03-24 15:12:02','2022-03-24 15:12:02','1 Kg',NULL,NULL),(182,NULL,24,4,1,3,'ANALYSE D\'EAU','EAU DE PUITS','_','_','_','_',NULL,NULL,6.20,'2022-01-28','2022-02-25','2022-03-24','En cours',NULL,'2022-03-24 15:12:02','2022-03-24 15:12:23','1 L',NULL,NULL),(183,NULL,26,57,3,3,'EAU POTABLE','EAU DE PUITS','_','_','_','_',NULL,NULL,4.60,'2022-01-28','2022-01-25','2022-03-24','En cours',NULL,'2022-03-24 15:15:22','2022-03-24 15:15:22','1L',NULL,NULL),(184,NULL,26,57,16,2,'ANALYSE MICROBIOLOGIQUE MICRO 01','EAU','_','_','_','_',NULL,NULL,NULL,'2022-01-26','2022-01-25','2022-03-24','En cours',NULL,'2022-03-24 15:16:54','2022-03-24 15:41:27','1L',NULL,NULL),(185,NULL,28,11,4,3,'SERRE N°02','Terre végétale','BANANIER','_','30° 20 59 028','8° 59 20 12 64',0,30,NULL,'2022-01-28','2022-01-25','2022-03-24','En cours',NULL,'2022-03-24 15:35:38','2022-03-24 15:35:38','1 Kg',NULL,NULL),(186,NULL,28,11,4,3,'SERRE N°03','Terre végétale','BANANIER','_','30° 20 59 028','8° 59 20 12 64',0,30,NULL,'2022-01-28','2022-01-25','2022-03-24','En cours',NULL,'2022-03-24 15:35:38','2022-03-24 15:35:38','1 Kg',NULL,NULL),(187,NULL,28,11,4,3,'SERRE N°02','Terre végétale','BANANIER','_','30° 20 59 028','8° 59 20 12 64',0,30,NULL,'2022-01-28','2022-01-25','2022-03-24','En cours',NULL,'2022-03-24 15:35:39','2022-03-24 15:35:39','1 Kg',NULL,NULL),(188,NULL,28,11,4,3,'SERRE N°03','Terre végétale','BANANIER','_','30° 20 59 028','8° 59 20 12 64',0,30,NULL,'2022-01-28','2022-01-25','2022-03-24','En cours',NULL,'2022-03-24 15:35:41','2022-03-24 15:35:41','1 Kg',NULL,NULL),(189,NULL,28,11,4,3,'SERRE N°10','Terre végétale','BANANIER','_','30° 20 59 028','8° 59 20 12 64',0,30,NULL,'2022-01-28','2022-01-25','2022-03-24','En cours',NULL,'2022-03-24 15:40:46','2022-03-24 15:40:46','1 Kg',NULL,NULL),(190,NULL,28,11,4,3,'PARCELLE 01','Terre végétale','AGRUME','NULES','30° 20 59 028','8° 59 20 12 64',0,30,NULL,'2022-01-28','2022-01-25','2022-03-24','En cours',NULL,'2022-03-24 15:40:46','2022-03-24 15:40:46','1 Kg',NULL,NULL),(191,NULL,28,11,1,3,'EAU DE BASSIN','EAU DE BASSIN','_','_','_','_',NULL,NULL,6.00,'2022-01-28','2022-01-25','2022-03-24','En cours',NULL,'2022-03-24 15:40:46','2022-03-24 15:41:03','1L',NULL,NULL);
/*!40000 ALTER TABLE `commandes` ENABLE KEYS */;
UNLOCK TABLES;

--
-- Table structure for table `commantairs`
--

DROP TABLE IF EXISTS `commantairs`;
/*!40101 SET @saved_cs_client     = @@character_set_client */;
/*!40101 SET character_set_client = utf8 */;
CREATE TABLE `commantairs` (
  `id` bigint(20) unsigned NOT NULL AUTO_INCREMENT,
  `commande_id` bigint(20) unsigned NOT NULL,
  `user_id` bigint(20) unsigned NOT NULL,
  `content` text COLLATE utf8mb4_unicode_ci NOT NULL,
  `deleted_at` timestamp NULL DEFAULT NULL,
  `created_at` timestamp NULL DEFAULT NULL,
  `updated_at` timestamp NULL DEFAULT NULL,
  PRIMARY KEY (`id`),
  KEY `commantairs_commande_id_foreign` (`commande_id`),
  KEY `commantairs_user_id_foreign` (`user_id`),
  CONSTRAINT `commantairs_commande_id_foreign` FOREIGN KEY (`commande_id`) REFERENCES `commandes` (`id`) ON DELETE CASCADE ON UPDATE CASCADE,
  CONSTRAINT `commantairs_user_id_foreign` FOREIGN KEY (`user_id`) REFERENCES `users` (`id`) ON DELETE CASCADE ON UPDATE CASCADE
) ENGINE=InnoDB AUTO_INCREMENT=3 DEFAULT CHARSET=utf8mb4 COLLATE=utf8mb4_unicode_ci;
/*!40101 SET character_set_client = @saved_cs_client */;

--
-- Dumping data for table `commantairs`
--

LOCK TABLES `commantairs` WRITE;
/*!40000 ALTER TABLE `commantairs` DISABLE KEYS */;
INSERT INTO `commantairs` VALUES (1,145,6,'decalage',NULL,'2022-01-26 13:58:58','2022-01-26 13:58:58'),(2,151,6,'commencer par 100206 au lieu de 100101',NULL,'2022-02-23 09:42:51','2022-02-23 09:42:51');
/*!40000 ALTER TABLE `commantairs` ENABLE KEYS */;
UNLOCK TABLES;

--
-- Table structure for table `commercials`
--

DROP TABLE IF EXISTS `commercials`;
/*!40101 SET @saved_cs_client     = @@character_set_client */;
/*!40101 SET character_set_client = utf8 */;
CREATE TABLE `commercials` (
  `id` bigint(20) unsigned NOT NULL AUTO_INCREMENT,
  `name` varchar(255) COLLATE utf8mb4_unicode_ci NOT NULL,
  `zone` varchar(255) COLLATE utf8mb4_unicode_ci NOT NULL,
  `email` varchar(255) COLLATE utf8mb4_unicode_ci DEFAULT NULL,
  `deleted_at` timestamp NULL DEFAULT NULL,
  `created_at` timestamp NULL DEFAULT NULL,
  `updated_at` timestamp NULL DEFAULT NULL,
  PRIMARY KEY (`id`)
) ENGINE=InnoDB AUTO_INCREMENT=78 DEFAULT CHARSET=utf8mb4 COLLATE=utf8mb4_unicode_ci;
/*!40101 SET character_set_client = @saved_cs_client */;

--
-- Dumping data for table `commercials`
--

LOCK TABLES `commercials` WRITE;
/*!40000 ALTER TABLE `commercials` DISABLE KEYS */;
INSERT INTO `commercials` VALUES (1,'MOHAMMED BOUTGOURINE','-CHEF DE ZONE-SOUSS MASSA','mohamed.boutgourine@elephant-vert.com',NULL,NULL,'2022-01-27 08:50:15'),(2,'ABDELJALIL BOUFOUSSI','-CHEF DE ZONE-TAROUDANTE-OUARZAZATE','abdeljalil.boufoussi@elephant-vert.com',NULL,NULL,'2022-01-27 08:51:57'),(3,'AMINE LAMNAOUAR','SOUSS-MASSA','amine.lamnaouar@elephant-vert.com',NULL,NULL,'2022-01-26 14:29:34'),(4,'MUSTAPHA  EL HASSANI','SOUSS-MASSA','mastapha.el-hassani@elephant-vert.com',NULL,NULL,'2022-01-26 14:30:06'),(5,'MOHAMMED BENZINE','SOUSS-MASSA','mohamed.benzine@elephant-vert.com',NULL,NULL,'2022-01-26 14:30:34'),(6,'BOUTZIZAT YOUSSEF','ATLAS DARAA TAFILALET','youssef.boutzaizat@elephant-vert.com',NULL,NULL,'2022-01-27 09:29:19'),(7,'BENTAARITE MED AMINE','SOUSS-MASSA',NULL,'2022-01-26 14:36:22',NULL,'2022-01-26 14:36:22'),(8,'IDRISS EL BAZ','SOUSS-MASSA','driss.elbaz@elephant-vert.com',NULL,NULL,'2022-01-26 14:37:13'),(9,'TOUIL FOUAD ','TARDOUDANT-OUARZAZATE',NULL,'2022-01-26 14:37:57',NULL,'2022-01-26 14:37:57'),(10,'ABDELKARIM AZELMAD','TARDOUDANT-OUARZAZATE',NULL,'2022-01-26 14:48:50',NULL,'2022-01-26 14:48:50'),(11,'AHMAD MOUTAWAKIL','TARDOUDANT-OUARZAZATE','abdelkarim.azelmad@elephant-vert.com',NULL,NULL,'2022-01-26 14:48:56'),(12,'HICHAM HARRAT','TARDOUDANT-OUARZAZATE','hicham.elharrat@elephant-vert.com','2022-01-27 09:31:10',NULL,'2022-01-27 09:31:10'),(13,'HAMID BAHTAT','TARDOUDANT-OUARZAZATE',NULL,'2022-01-27 07:32:45',NULL,'2022-01-27 07:32:45'),(14,'ABDELALI BOUFALA','-CHEF DE ZONE-MEKNES SAISS/GHARB','abdelali.boufala@elephant-vert.com',NULL,NULL,'2022-01-27 08:27:39'),(15,'AZOUGAGH NOUREDDINE','MEKNES SAISS-GHARB','noureddine.azougagh@elephant-vert.com',NULL,NULL,'2022-01-27 08:42:10'),(16,'BOUCHTA BENHANINE','MEKNES SAISS-GHARB','bouchta.benhanyn@elephant-vert.com',NULL,NULL,'2022-01-27 08:43:52'),(17,'IMAD QAROUAOUY','NORD OUEST','imad.el-qarouaouy@elephant-vert.com',NULL,NULL,'2022-01-27 09:02:55'),(18,'ALI AIT ASSOU','-CHEF DE ZONE-ATLAS DARAA TAFILALET','ali.ait-assou@elephant-vert.com',NULL,NULL,'2022-01-27 08:54:36'),(19,'ABDELLAH SALIMI','ATLAS DARAA TAFILALET','abdellah.salimi@elephant-vert.com',NULL,NULL,'2022-01-27 08:54:56'),(20,'MOHAMED EL ABASSI','ATLAS DARAA TAFILALET','mohamed.el-abassi@elephant-vert.com',NULL,NULL,'2022-01-27 08:55:55'),(21,'HASSANE BAOUHAM','ATLAS-DRAA',NULL,'2022-01-27 07:37:43',NULL,'2022-01-27 07:37:43'),(22,'MUSTAPHA HOUARI','ATLAS DARAA TAFILALET','mustapha.houari@elephant-vert.com',NULL,NULL,'2022-01-27 08:55:21'),(23,'AYOUB WOUAI','CENTRE OUEST','ayoub.wouai@elephant-vert.com',NULL,NULL,'2022-01-27 07:39:15'),(24,'AMINE CHEBLI','CENTRE','amine.chebli@elephant-vert.com',NULL,NULL,'2022-01-27 08:48:13'),(25,'LABDALAOUI NABIL','CENTRE','nabil.labdalaoui@elephant-vert.com',NULL,NULL,'2022-01-27 08:47:54'),(26,'MOHCINE OTMANE','CENTRE OUEST',NULL,'2022-01-27 08:02:31',NULL,'2022-01-27 08:02:31'),(27,'MUSTAFA AZZAKANI','ABDA-CHIADMA','mustafa.azzakani@elephant-vert.com',NULL,NULL,'2022-01-27 08:59:52'),(28,'ISSAM TALBI','CENTRE OUEST','issam.talbi@elephant-vert.com','2022-01-27 09:21:04',NULL,'2022-01-27 09:21:04'),(29,'ABDERRAHIM BIRABANE','TAROUDANTE-OUARZAZATE','abderrahim.birabane@elephant-vert.com',NULL,NULL,'2022-01-27 09:24:47'),(30,'HICHAM ENNOUBI','-CHEF DE ZONE-CENTRE','hicham.ennoubi@elephant-vert.com',NULL,NULL,'2022-01-27 08:47:37'),(31,'ABDERRAHIM MAROUI','CENTRE','abderrahim.maroui@elephant-vert.com',NULL,NULL,'2022-01-27 08:49:10'),(32,'LAMIAE AABOUN','CENTRE','lamiae.aaboun@elephant-vert.com',NULL,NULL,'2022-01-27 08:49:30'),(33,'BOUCHAIB HOURRANE','CENTRE','bouchaib.hourrane@elephant-vert.com',NULL,NULL,'2022-01-27 08:48:57'),(34,'SAMIR BOUHAL','CENTRE SUD',NULL,'2022-01-27 08:07:58',NULL,'2022-01-27 08:07:58'),(35,'MUSTAPHA BAKHOU ','CENTRE SUD',NULL,'2022-01-27 08:08:55',NULL,'2022-01-27 08:08:55'),(36,'MOHAMED EL GHAZOUANI','CENTRE','mohamed.el-ghazouani@elephant-vert.com',NULL,NULL,'2022-01-27 08:48:37'),(37,'MONSIF BAHIA','CENTRE SUD',NULL,'2022-01-27 08:10:26',NULL,'2022-01-27 08:10:26'),(38,'NOUREDINE KORDASS','-CHEF DE ZONE-NORD OUEST','nouredine.kordass@elephant-vert.com',NULL,NULL,'2022-01-27 08:46:52'),(39,'ALI EL AYOUNI','NORD OUEST',NULL,'2022-01-27 08:12:13',NULL,'2022-01-27 08:12:13'),(40,'AYOUB HOURMA','NORD OUEST','ayoub.hourma@elephant-vert.com',NULL,NULL,'2022-01-27 08:12:48'),(41,'MARIAMA OUHNINI','NORD OUEST','mariama.ouhnini@elephant-vert.com',NULL,NULL,'2022-01-27 08:13:37'),(42,'YOUSSEF RACHID ','MEKNèS-SAîS',NULL,'2022-01-27 08:13:41',NULL,'2022-01-27 08:13:41'),(43,'KHALID EZZOUAK','MEKNES SAISS-GHARB','khalid.ezzouak@elephant-vert.com',NULL,NULL,'2022-01-27 08:28:02'),(44,'OUSSAMA ZBITA ','MEKNèS-SAîS',NULL,'2022-01-27 08:14:31',NULL,'2022-01-27 08:14:31'),(45,'WEAM BENCHAREF','MEKNES SAISS-GHARB','weam.bencharef@elephant-vert.com',NULL,NULL,'2022-01-27 08:42:34'),(46,'YASSINE FARAJ ','MEKNèS-SAîS',NULL,'2022-01-27 08:16:44',NULL,'2022-01-27 08:16:44'),(47,'ADIL EL MAHFOUDI ','MEKNèS-SAîS',NULL,'2022-01-27 08:16:52',NULL,'2022-01-27 08:16:52'),(48,'AYOUB HAJJAJ','MEKNES SAISS-GHARB','ayoub.hajjaj@elephant-vert.com',NULL,NULL,'2022-01-27 08:44:06'),(49,'ISMAIL BOULRHAZIOUI','MEKNèS-SAîS',NULL,'2022-01-27 08:17:31',NULL,'2022-01-27 08:17:31'),(50,'ZAKARIA EL KABBAJ ','ORIENTAL',NULL,'2022-01-27 08:17:46',NULL,'2022-01-27 08:17:46'),(51,'CHAKIB HAMZA','ORIENTAL','hamza.chakib@elephant-vert.com',NULL,NULL,'2022-01-27 08:18:04'),(52,'MOHAMMED EL ABDELLAOUI','BERKANE-NADOR','mohammed.el-abdellaoui@elephant-vert.com',NULL,NULL,'2022-01-27 08:59:29'),(53,'KAMAL HADDI ','ORIENTAL',NULL,'2022-01-27 08:19:39',NULL,'2022-01-27 08:19:39'),(54,'MEYSAA BENAMAR','ORIENTAL',NULL,'2022-01-27 08:19:47',NULL,'2022-01-27 08:19:47'),(55,'BRAHIM ANIJI','NORD OUEST','brahim.aniji@elephant-vert.com',NULL,NULL,'2022-01-27 08:20:04'),(56,'MOHAMED AIT M\'HAMED OUAHMED','SOUSS-MASSA','mohamed.ait-mhamed-ouahmed@elephant-vert.com',NULL,NULL,'2022-01-27 08:20:25'),(57,'HAMID JABIR','SOUSS-MASSA','hamid.jabir@elephant-vert.com',NULL,NULL,'2022-01-27 08:20:44'),(58,'ABDERRAHIM EL KHARRAZ','CENTRE OUEST',NULL,'2022-01-27 08:21:02',NULL,'2022-01-27 08:21:02'),(59,'OUIAM ELGHAZOUANI','EV MAROC','ouiam.elghazouani@elephant-vert.com',NULL,NULL,'2022-01-27 08:21:20'),(60,'FADWA MAZOUZ','EV MAROC','fadwa.mazouz@elephant-vert.com',NULL,NULL,'2022-01-27 08:21:43'),(61,'ABDELAZIZ MAHFOUD','EV MAROC','abdelaziz.mahfoud@elephant-vert.com',NULL,NULL,'2022-01-27 08:22:12'),(62,'REDOUANE NDA','CDP','redouane.nda@elephant-vert.com',NULL,NULL,'2022-01-27 13:35:01'),(63,'FATIMAZAHRA MAMOUNI','EVM DÉVELOPPEMENT','fatimazahra.mamouni@elephant-vert.com',NULL,NULL,'2022-01-27 08:22:53'),(64,'EV MARKETING','EVM','hanane.chafik@elephant-vert.com',NULL,NULL,'2022-01-27 08:23:29'),(65,'EV SENEGAL','EV SENEGAL',NULL,NULL,NULL,NULL),(66,'CLINIQUE DES PLANTES','CLINIQUE DES PLANTES','redouane.nda@elephant-vert.com',NULL,NULL,'2022-01-27 13:32:58'),(67,'EV MALI','EV MALI',NULL,NULL,NULL,NULL),(68,'M. F.L MOUNKORO','EV MALI',NULL,'2022-01-27 08:24:19',NULL,'2022-01-27 08:24:19'),(69,'EV KENYA','KENYA',NULL,NULL,NULL,NULL),(70,'ROLAND AMANI','EV CÔTE D\'IVOIRE','roland.amani@elephant-vert.com',NULL,NULL,'2022-01-27 13:32:40'),(71,'EV CÔTE D\'IVOIRE&NBSP;','CÔTE D\'IVOIRE&NBSP;','redouane.nda@elephant-vert.com',NULL,NULL,'2022-01-27 13:34:39'),(72,'EVFRANCE','FRANCE ',NULL,NULL,NULL,NULL),(73,'CLIENT','DIRECT',NULL,NULL,NULL,NULL),(74,'BIPEA','BIPEA',NULL,NULL,NULL,NULL),(75,'ROCHDI YOUNES','CENTRE OUEST','younes.rochdi@elephant-vert.com','2022-01-27 08:25:30',NULL,'2022-01-27 08:25:30'),(76,'YOUNES ROCHDI','CENTRE','younes.rochdi@elephant-vert.com',NULL,NULL,'2022-01-27 08:48:25'),(77,'ABDELAZIZ MAHFOUD','_','abdelaziz.mahfoud@elephant-vert.com',NULL,'2022-01-27 13:36:43','2022-01-27 13:36:43');
/*!40000 ALTER TABLE `commercials` ENABLE KEYS */;
UNLOCK TABLES;

--
-- Table structure for table `failed_jobs`
--

DROP TABLE IF EXISTS `failed_jobs`;
/*!40101 SET @saved_cs_client     = @@character_set_client */;
/*!40101 SET character_set_client = utf8 */;
CREATE TABLE `failed_jobs` (
  `id` bigint(20) unsigned NOT NULL AUTO_INCREMENT,
  `uuid` varchar(255) COLLATE utf8mb4_unicode_ci NOT NULL,
  `connection` text COLLATE utf8mb4_unicode_ci NOT NULL,
  `queue` text COLLATE utf8mb4_unicode_ci NOT NULL,
  `payload` longtext COLLATE utf8mb4_unicode_ci NOT NULL,
  `exception` longtext COLLATE utf8mb4_unicode_ci NOT NULL,
  `failed_at` timestamp NOT NULL DEFAULT current_timestamp(),
  PRIMARY KEY (`id`),
  UNIQUE KEY `failed_jobs_uuid_unique` (`uuid`)
) ENGINE=InnoDB DEFAULT CHARSET=utf8mb4 COLLATE=utf8mb4_unicode_ci;
/*!40101 SET character_set_client = @saved_cs_client */;

--
-- Dumping data for table `failed_jobs`
--

LOCK TABLES `failed_jobs` WRITE;
/*!40000 ALTER TABLE `failed_jobs` DISABLE KEYS */;
/*!40000 ALTER TABLE `failed_jobs` ENABLE KEYS */;
UNLOCK TABLES;

--
-- Table structure for table `lieus`
--

DROP TABLE IF EXISTS `lieus`;
/*!40101 SET @saved_cs_client     = @@character_set_client */;
/*!40101 SET character_set_client = utf8 */;
CREATE TABLE `lieus` (
  `id` bigint(20) unsigned NOT NULL AUTO_INCREMENT,
  `lieu` text COLLATE utf8mb4_unicode_ci NOT NULL,
  `created_at` timestamp NULL DEFAULT NULL,
  `updated_at` timestamp NULL DEFAULT NULL,
  PRIMARY KEY (`id`)
) ENGINE=InnoDB AUTO_INCREMENT=4 DEFAULT CHARSET=utf8mb4 COLLATE=utf8mb4_unicode_ci;
/*!40101 SET character_set_client = @saved_cs_client */;

--
-- Dumping data for table `lieus`
--

LOCK TABLES `lieus` WRITE;
/*!40000 ALTER TABLE `lieus` DISABLE KEYS */;
INSERT INTO `lieus` VALUES (1,'null',NULL,NULL),(2,'Sous traiter',NULL,NULL),(3,'Elephant vert agropolise meknes',NULL,NULL);
/*!40000 ALTER TABLE `lieus` ENABLE KEYS */;
UNLOCK TABLES;

--
-- Table structure for table `logs`
--

DROP TABLE IF EXISTS `logs`;
/*!40101 SET @saved_cs_client     = @@character_set_client */;
/*!40101 SET character_set_client = utf8 */;
CREATE TABLE `logs` (
  `id` bigint(20) unsigned NOT NULL AUTO_INCREMENT,
  `user_id` bigint(20) unsigned DEFAULT NULL,
  `action` varchar(255) COLLATE utf8mb4_unicode_ci NOT NULL,
  `ip` varchar(50) COLLATE utf8mb4_unicode_ci NOT NULL,
  `created_at` timestamp NULL DEFAULT NULL,
  `updated_at` timestamp NULL DEFAULT NULL,
  PRIMARY KEY (`id`),
  KEY `logs_user_id_foreign` (`user_id`),
  CONSTRAINT `logs_user_id_foreign` FOREIGN KEY (`user_id`) REFERENCES `users` (`id`) ON DELETE CASCADE
) ENGINE=InnoDB AUTO_INCREMENT=497 DEFAULT CHARSET=utf8mb4 COLLATE=utf8mb4_unicode_ci;
/*!40101 SET character_set_client = @saved_cs_client */;

--
-- Dumping data for table `logs`
--

LOCK TABLES `logs` WRITE;
/*!40000 ALTER TABLE `logs` DISABLE KEYS */;
INSERT INTO `logs` VALUES (1,9,'Closure','105159','2022-03-15 15:06:40','2022-03-15 15:06:40'),(2,9,'Closure','105159','2022-03-15 15:07:04','2022-03-15 15:07:04'),(3,9,'Closure','105159','2022-03-15 15:07:06','2022-03-15 15:07:06'),(4,9,'DashboardAdminController@withZone','105159','2022-03-15 15:07:07','2022-03-15 15:07:07'),(5,9,'DashboardAdminController@statistiqueLabo','105159','2022-03-15 15:07:07','2022-03-15 15:07:07'),(6,9,'DashboardAdminController@CAbyZone','105159','2022-03-15 15:07:07','2022-03-15 15:07:07'),(7,9,'DashboardAdminController@CommandeByMatrice','105159','2022-03-15 15:07:07','2022-03-15 15:07:07'),(8,9,'DashboardAdminController@CommandeByMatrice','105159','2022-03-15 15:07:07','2022-03-15 15:07:07'),(9,9,'DashboardAdminController@CommandeByMatrice','105159','2022-03-15 15:07:08','2022-03-15 15:07:08'),(10,9,'DashboardAdminController@top5Commercial','105159','2022-03-15 15:07:08','2022-03-15 15:07:08'),(11,9,'DashboardAdminController@commercialTable','105159','2022-03-15 15:07:08','2022-03-15 15:07:08'),(12,9,'Closure','105159','2022-03-15 15:18:03','2022-03-15 15:18:03'),(13,9,'Closure','105159','2022-03-15 15:18:04','2022-03-15 15:18:04'),(14,9,'DashboardAdminController@CommandeByMatrice','105159','2022-03-15 15:18:06','2022-03-15 15:18:06'),(15,9,'DashboardAdminController@CAbyZone','105159','2022-03-15 15:18:06','2022-03-15 15:18:06'),(16,9,'DashboardAdminController@statistiqueLabo','105159','2022-03-15 15:18:06','2022-03-15 15:18:06'),(17,9,'DashboardAdminController@withZone','105159','2022-03-15 15:18:06','2022-03-15 15:18:06'),(18,9,'DashboardAdminController@CommandeByMatrice','105159','2022-03-15 15:18:06','2022-03-15 15:18:06'),(19,9,'DashboardAdminController@top5Commercial','105159','2022-03-15 15:18:06','2022-03-15 15:18:06'),(20,9,'DashboardAdminController@commercialTable','105159','2022-03-15 15:18:06','2022-03-15 15:18:06'),(21,9,'DashboardAdminController@CommandeByMatrice','105159','2022-03-15 15:18:07','2022-03-15 15:18:07'),(22,9,'DashboardAdminController@withZone','105159','2022-03-15 15:18:38','2022-03-15 15:18:38'),(23,9,'DashboardAdminController@withZone','105159','2022-03-15 15:18:42','2022-03-15 15:18:42'),(24,9,'DashboardAdminController@withZone','105159','2022-03-15 15:18:43','2022-03-15 15:18:43'),(25,9,'DashboardAdminController@withZone','105159','2022-03-15 15:18:51','2022-03-15 15:18:51'),(26,9,'DashboardAdminController@CAbyZone','105159','2022-03-15 15:18:59','2022-03-15 15:18:59'),(27,9,'DashboardAdminController@withZone','105159','2022-03-15 15:19:29','2022-03-15 15:19:29'),(28,9,'DashboardAdminController@withZone','105159','2022-03-15 15:19:30','2022-03-15 15:19:30'),(29,9,'userController@index','105159','2022-03-15 15:19:56','2022-03-15 15:19:56'),(30,9,'userController@index','105159','2022-03-15 15:20:25','2022-03-15 15:20:25'),(31,9,'ActivityController@index','105159','2022-03-15 15:21:21','2022-03-15 15:21:21'),(32,9,'userController@index','105159','2022-03-15 15:21:57','2022-03-15 15:21:57'),(33,9,'CommandeController@index','105159','2022-03-15 15:22:47','2022-03-15 15:22:47'),(34,9,'ActivityController@index','105159','2022-03-15 15:24:08','2022-03-15 15:24:08'),(35,9,'userController@index','105159','2022-03-15 15:27:33','2022-03-15 15:27:33'),(36,9,'ClientController@index','105159','2022-03-15 15:27:55','2022-03-15 15:27:55'),(37,9,'Closure','105159','2022-03-15 15:27:57','2022-03-15 15:27:57'),(38,9,'Closure','105159','2022-03-15 15:27:59','2022-03-15 15:27:59'),(39,9,'DashboardAdminController@CommandeByMatrice','105159','2022-03-15 15:28:00','2022-03-15 15:28:00'),(40,9,'DashboardAdminController@CAbyZone','105159','2022-03-15 15:28:00','2022-03-15 15:28:00'),(41,9,'DashboardAdminController@statistiqueLabo','105159','2022-03-15 15:28:00','2022-03-15 15:28:00'),(42,9,'DashboardAdminController@CommandeByMatrice','105159','2022-03-15 15:28:00','2022-03-15 15:28:00'),(43,9,'DashboardAdminController@withZone','105159','2022-03-15 15:28:00','2022-03-15 15:28:00'),(44,9,'DashboardAdminController@commercialTable','105159','2022-03-15 15:28:00','2022-03-15 15:28:00'),(45,9,'DashboardAdminController@top5Commercial','105159','2022-03-15 15:28:00','2022-03-15 15:28:00'),(46,9,'DashboardAdminController@CommandeByMatrice','105159','2022-03-15 15:28:00','2022-03-15 15:28:00'),(47,9,'RoleController@index','105159','2022-03-15 15:28:01','2022-03-15 15:28:01'),(48,9,'RoleController@index','105159','2022-03-15 15:30:30','2022-03-15 15:30:30'),(49,9,'userController@index','105159','2022-03-15 15:30:32','2022-03-15 15:30:32'),(50,9,'userController@index','105159','2022-03-15 15:30:42','2022-03-15 15:30:42'),(51,9,'userController@index','105159','2022-03-15 15:30:43','2022-03-15 15:30:43'),(52,9,'userController@index','105159','2022-03-15 15:32:16','2022-03-15 15:32:16'),(53,9,'userController@index','105159','2022-03-15 15:33:52','2022-03-15 15:33:52'),(54,9,'userController@index','105159','2022-03-15 15:35:24','2022-03-15 15:35:24'),(55,9,'userController@show','105159','2022-03-15 15:35:32','2022-03-15 15:35:32'),(56,9,'userController@edit','105159','2022-03-15 15:35:44','2022-03-15 15:35:44'),(57,9,'userController@update','105159','2022-03-15 15:35:50','2022-03-15 15:35:50'),(58,9,'userController@index','105159','2022-03-15 15:35:50','2022-03-15 15:35:50'),(59,9,'userController@edit','105159','2022-03-15 15:35:55','2022-03-15 15:35:55'),(60,9,'userController@update','105159','2022-03-15 15:35:58','2022-03-15 15:35:58'),(61,9,'userController@index','105159','2022-03-15 15:35:58','2022-03-15 15:35:58'),(62,9,'userController@edit','105159','2022-03-15 15:36:01','2022-03-15 15:36:01'),(63,9,'userController@update','105159','2022-03-15 15:36:07','2022-03-15 15:36:07'),(64,9,'userController@index','105159','2022-03-15 15:36:07','2022-03-15 15:36:07'),(65,9,'userController@edit','105159','2022-03-15 15:36:10','2022-03-15 15:36:10'),(66,9,'userController@update','105159','2022-03-15 15:36:15','2022-03-15 15:36:15'),(67,9,'userController@index','105159','2022-03-15 15:36:15','2022-03-15 15:36:15'),(68,9,'userController@edit','105159','2022-03-15 15:36:18','2022-03-15 15:36:18'),(69,9,'userController@update','105159','2022-03-15 15:36:22','2022-03-15 15:36:22'),(70,9,'userController@index','105159','2022-03-15 15:36:22','2022-03-15 15:36:22'),(71,9,'userController@edit','105159','2022-03-15 15:36:28','2022-03-15 15:36:28'),(72,9,'userController@update','105159','2022-03-15 15:36:36','2022-03-15 15:36:36'),(73,9,'userController@index','105159','2022-03-15 15:36:36','2022-03-15 15:36:36'),(74,9,'userController@edit','105159','2022-03-15 15:36:40','2022-03-15 15:36:40'),(75,9,'userController@update','105159','2022-03-15 15:36:45','2022-03-15 15:36:45'),(76,9,'userController@index','105159','2022-03-15 15:36:46','2022-03-15 15:36:46'),(77,9,'RoleController@index','105159','2022-03-15 15:37:04','2022-03-15 15:37:04'),(78,9,'RoleController@edit','105159','2022-03-15 15:37:08','2022-03-15 15:37:08'),(79,9,'RoleController@update','105159','2022-03-15 15:38:49','2022-03-15 15:38:49'),(80,9,'RoleController@index','105159','2022-03-15 15:38:50','2022-03-15 15:38:50'),(81,9,'RoleController@edit','105159','2022-03-15 15:39:03','2022-03-15 15:39:03'),(82,NULL,'LoginController@showLoginForm','105159','2022-03-15 15:40:11','2022-03-15 15:40:11'),(83,NULL,'LoginController@login','105159','2022-03-15 15:40:46','2022-03-15 15:40:46'),(84,NULL,'LoginController@showLoginForm','105159','2022-03-15 15:40:46','2022-03-15 15:40:46'),(85,9,'RoleController@update','105159','2022-03-15 15:40:47','2022-03-15 15:40:47'),(86,9,'RoleController@index','105159','2022-03-15 15:40:47','2022-03-15 15:40:47'),(87,9,'RoleController@show','105159','2022-03-15 15:40:52','2022-03-15 15:40:52'),(88,NULL,'LoginController@login','105159','2022-03-15 15:40:59','2022-03-15 15:40:59'),(89,NULL,'LoginController@showLoginForm','105159','2022-03-15 15:41:00','2022-03-15 15:41:00'),(90,9,'RoleController@edit','105159','2022-03-15 15:41:02','2022-03-15 15:41:02'),(91,9,'RoleController@update','105159','2022-03-15 15:41:06','2022-03-15 15:41:06'),(92,9,'RoleController@index','105159','2022-03-15 15:41:06','2022-03-15 15:41:06'),(93,NULL,'LoginController@login','105159','2022-03-15 15:41:10','2022-03-15 15:41:10'),(94,NULL,'LoginController@showLoginForm','105159','2022-03-15 15:41:10','2022-03-15 15:41:10'),(95,9,'RoleController@edit','105159','2022-03-15 15:41:11','2022-03-15 15:41:11'),(96,9,'userController@index','105159','2022-03-15 15:41:20','2022-03-15 15:41:20'),(97,9,'RoleController@index','105159','2022-03-15 15:41:23','2022-03-15 15:41:23'),(98,9,'RoleController@edit','105159','2022-03-15 15:41:26','2022-03-15 15:41:26'),(99,NULL,'LoginController@login','105159','2022-03-15 15:41:36','2022-03-15 15:41:36'),(100,NULL,'LoginController@showLoginForm','105159','2022-03-15 15:41:37','2022-03-15 15:41:37'),(101,NULL,'LoginController@login','105159','2022-03-15 15:41:44','2022-03-15 15:41:44'),(102,NULL,'LoginController@showLoginForm','105159','2022-03-15 15:41:45','2022-03-15 15:41:45'),(103,9,'RoleController@update','105159','2022-03-15 15:41:52','2022-03-15 15:41:52'),(104,9,'RoleController@index','105159','2022-03-15 15:41:52','2022-03-15 15:41:52'),(105,9,'userController@index','105159','2022-03-15 15:41:54','2022-03-15 15:41:54'),(106,9,'userController@edit','105159','2022-03-15 15:42:02','2022-03-15 15:42:02'),(107,9,'userController@update','105159','2022-03-15 15:42:20','2022-03-15 15:42:20'),(108,9,'userController@index','105159','2022-03-15 15:42:20','2022-03-15 15:42:20'),(109,9,'RoleController@index','105159','2022-03-15 15:42:29','2022-03-15 15:42:29'),(110,9,'RoleController@edit','105159','2022-03-15 15:42:31','2022-03-15 15:42:31'),(111,NULL,'LoginController@login','105159','2022-03-15 15:42:53','2022-03-15 15:42:53'),(112,3,'Closure','105159','2022-03-15 15:42:53','2022-03-15 15:42:53'),(113,3,'userController@index','105159','2022-03-15 15:43:02','2022-03-15 15:43:02'),(114,3,'userController@show','105159','2022-03-15 15:43:31','2022-03-15 15:43:31'),(115,3,'userController@index','105159','2022-03-15 15:43:34','2022-03-15 15:43:34'),(116,3,'userController@edit','105159','2022-03-15 15:43:46','2022-03-15 15:43:46'),(117,3,'userController@index','105159','2022-03-15 15:44:12','2022-03-15 15:44:12'),(118,3,'RoleController@index','105159','2022-03-15 15:44:14','2022-03-15 15:44:14'),(119,3,'LoginController@logout','105159','2022-03-15 15:44:39','2022-03-15 15:44:39'),(120,NULL,'LoginController@showLoginForm','105159','2022-03-15 15:44:40','2022-03-15 15:44:40'),(121,NULL,'LoginController@login','105159','2022-03-15 15:44:50','2022-03-15 15:44:50'),(122,7,'Closure','105159','2022-03-15 15:44:51','2022-03-15 15:44:51'),(123,7,'CommandeController@index','105159','2022-03-15 15:45:15','2022-03-15 15:45:15'),(124,7,'CommandeController@edit','105159','2022-03-15 15:45:23','2022-03-15 15:45:23'),(125,7,'CommandeController@menuOfMatrice','105159','2022-03-15 15:45:23','2022-03-15 15:45:23'),(126,7,'DashboardController@index','105159','2022-03-15 15:45:32','2022-03-15 15:45:32'),(127,7,'AnalyseController@index','105159','2022-03-15 15:45:35','2022-03-15 15:45:35'),(128,7,'AnalyseController@index','105159','2022-03-15 15:45:36','2022-03-15 15:45:36'),(129,7,'ReportController@index','105159','2022-03-15 15:45:42','2022-03-15 15:45:42'),(130,9,'RoleController@update','105159','2022-03-15 15:46:29','2022-03-15 15:46:29'),(131,9,'RoleController@index','105159','2022-03-15 15:46:30','2022-03-15 15:46:30'),(132,9,'RoleController@edit','105159','2022-03-15 15:46:39','2022-03-15 15:46:39'),(133,9,'RoleController@update','105159','2022-03-15 15:47:27','2022-03-15 15:47:27'),(134,9,'RoleController@index','105159','2022-03-15 15:47:28','2022-03-15 15:47:28'),(135,9,'RoleController@edit','105159','2022-03-15 15:47:40','2022-03-15 15:47:40'),(136,9,'RoleController@show','105159','2022-03-15 15:47:52','2022-03-15 15:47:52'),(137,9,'RoleController@edit','105159','2022-03-15 15:48:19','2022-03-15 15:48:19'),(138,9,'userController@index','105159','2022-03-15 15:48:33','2022-03-15 15:48:33'),(139,9,'userController@destroy','105159','2022-03-15 15:49:21','2022-03-15 15:49:21'),(140,9,'userController@index','105159','2022-03-15 15:49:21','2022-03-15 15:49:21'),(141,9,'RoleController@index','105159','2022-03-15 15:49:37','2022-03-15 15:49:37'),(142,9,'RoleController@edit','105159','2022-03-15 15:49:54','2022-03-15 15:49:54'),(143,9,'RoleController@show','105159','2022-03-15 15:49:58','2022-03-15 15:49:58'),(144,9,'RoleController@edit','105159','2022-03-15 15:50:08','2022-03-15 15:50:08'),(145,9,'RoleController@update','105159','2022-03-15 15:54:06','2022-03-15 15:54:06'),(146,9,'RoleController@index','105159','2022-03-15 15:54:06','2022-03-15 15:54:06'),(147,9,'RoleController@edit','105159','2022-03-15 15:54:13','2022-03-15 15:54:13'),(148,9,'RoleController@update','105159','2022-03-15 15:56:24','2022-03-15 15:56:24'),(149,9,'RoleController@index','105159','2022-03-15 15:56:24','2022-03-15 15:56:24'),(150,9,'RoleController@edit','105159','2022-03-15 15:56:28','2022-03-15 15:56:28'),(151,9,'RoleController@update','105159','2022-03-15 15:57:06','2022-03-15 15:57:06'),(152,9,'RoleController@index','105159','2022-03-15 15:57:06','2022-03-15 15:57:06'),(153,9,'RoleController@edit','105159','2022-03-15 15:57:12','2022-03-15 15:57:12'),(154,9,'RoleController@update','105159','2022-03-15 15:57:27','2022-03-15 15:57:27'),(155,9,'RoleController@index','105159','2022-03-15 15:57:27','2022-03-15 15:57:27'),(156,9,'ActivityController@index','105159','2022-03-15 15:57:32','2022-03-15 15:57:32'),(157,9,'CommandeController@index','105.159.250','2022-03-15 15:59:09','2022-03-15 15:59:09'),(158,9,'DashboardController@index','105.159.250','2022-03-15 15:59:10','2022-03-15 15:59:10'),(159,9,'ActivityController@index','105.159.250','2022-03-15 15:59:12','2022-03-15 15:59:12'),(160,9,'Closure','105.159.250.109','2022-03-15 16:00:29','2022-03-15 16:00:29'),(161,9,'CommandeController@index','105.159.250.109','2022-03-15 16:00:32','2022-03-15 16:00:32'),(162,9,'ActivityController@index','105.159.250.109','2022-03-15 16:00:35','2022-03-15 16:00:35'),(163,9,'DashboardController@index','105.159.250.109','2022-03-15 16:01:17','2022-03-15 16:01:17'),(164,9,'Closure','105.159.250.109','2022-03-15 16:01:30','2022-03-15 16:01:30'),(165,9,'Closure','105.159.250.109','2022-03-15 16:01:32','2022-03-15 16:01:32'),(166,9,'DashboardAdminController@CAbyZone','105.159.250.109','2022-03-15 16:01:33','2022-03-15 16:01:33'),(167,9,'DashboardAdminController@withZone','105.159.250.109','2022-03-15 16:01:33','2022-03-15 16:01:33'),(168,9,'DashboardAdminController@CommandeByMatrice','105.159.250.109','2022-03-15 16:01:33','2022-03-15 16:01:33'),(169,9,'DashboardAdminController@statistiqueLabo','105.159.250.109','2022-03-15 16:01:33','2022-03-15 16:01:33'),(170,9,'DashboardAdminController@CommandeByMatrice','105.159.250.109','2022-03-15 16:01:34','2022-03-15 16:01:34'),(171,9,'DashboardAdminController@commercialTable','105.159.250.109','2022-03-15 16:01:34','2022-03-15 16:01:34'),(172,9,'DashboardAdminController@top5Commercial','105.159.250.109','2022-03-15 16:01:34','2022-03-15 16:01:34'),(173,9,'DashboardAdminController@CommandeByMatrice','105.159.250.109','2022-03-15 16:01:34','2022-03-15 16:01:34'),(174,9,'ClientController@index','105.159.250.109','2022-03-15 16:01:37','2022-03-15 16:01:37'),(175,9,'CommandeController@index','105.159.250.109','2022-03-15 16:01:39','2022-03-15 16:01:39'),(176,9,'DashboardController@index','105.159.250.109','2022-03-15 16:01:41','2022-03-15 16:01:41'),(177,9,'DashboardController@index','105.159.250.109','2022-03-15 16:13:36','2022-03-15 16:13:36'),(178,9,'DashboardController@index','105.159.250.109','2022-03-15 16:13:42','2022-03-15 16:13:42'),(179,9,'DashboardController@index','105.159.250.109','2022-03-15 16:15:52','2022-03-15 16:15:52'),(180,9,'DashboardController@index','105.159.250.109','2022-03-15 16:15:59','2022-03-15 16:15:59'),(181,9,'AnalyseController@index','105.159.250.109','2022-03-15 16:16:13','2022-03-15 16:16:13'),(182,9,'AnalyseController@index','105.159.250.109','2022-03-15 16:16:13','2022-03-15 16:16:13'),(183,9,'AnalyseController@refresh','105.159.250.109','2022-03-15 16:16:15','2022-03-15 16:16:15'),(184,9,'AnalyseController@index','105.159.250.109','2022-03-15 16:16:15','2022-03-15 16:16:15'),(185,9,'AnalyseController@index','105.159.250.109','2022-03-15 16:16:15','2022-03-15 16:16:15'),(186,9,'ActivityController@index','105.159.250.109','2022-03-15 16:21:30','2022-03-15 16:21:30'),(187,NULL,'LoginController@showLoginForm','105.159.250.109','2022-03-17 09:54:18','2022-03-17 09:54:18'),(188,NULL,'LoginController@showLoginForm','105.159.250.109','2022-03-17 09:54:55','2022-03-17 09:54:55'),(189,NULL,'LoginController@showLoginForm','105.159.250.109','2022-03-17 10:54:17','2022-03-17 10:54:17'),(190,NULL,'LoginController@showLoginForm','105.159.250.109','2022-03-17 13:24:50','2022-03-17 13:24:50'),(191,NULL,'LoginController@login','105.159.250.109','2022-03-17 13:24:57','2022-03-17 13:24:57'),(192,9,'Closure','105.159.250.109','2022-03-17 13:24:57','2022-03-17 13:24:57'),(193,9,'AnalyseController@index','105.159.250.109','2022-03-17 13:25:00','2022-03-17 13:25:00'),(194,9,'AnalyseController@index','105.159.250.109','2022-03-17 13:25:01','2022-03-17 13:25:01'),(195,9,'AnalyseController@export','105.159.250.109','2022-03-17 13:25:05','2022-03-17 13:25:05'),(196,9,'AnalyseController@export','105.159.250.109','2022-03-17 13:25:06','2022-03-17 13:25:06'),(197,9,'AnalyseController@import','105.159.250.109','2022-03-17 13:25:43','2022-03-17 13:25:43'),(198,9,'AnalyseController@index','105.159.250.109','2022-03-17 13:25:44','2022-03-17 13:25:44'),(199,9,'AnalyseController@index','105.159.250.109','2022-03-17 13:25:44','2022-03-17 13:25:44'),(200,9,'AnalyseController@refresh','105.159.250.109','2022-03-17 13:25:48','2022-03-17 13:25:48'),(201,9,'AnalyseController@index','105.159.250.109','2022-03-17 13:25:48','2022-03-17 13:25:48'),(202,9,'AnalyseController@index','105.159.250.109','2022-03-17 13:25:48','2022-03-17 13:25:48'),(203,NULL,'LoginController@showLoginForm','105.159.250.109','2022-03-17 13:28:26','2022-03-17 13:28:26'),(204,NULL,'LoginController@login','105.159.250.109','2022-03-17 13:30:27','2022-03-17 13:30:27'),(205,8,'Closure','105.159.250.109','2022-03-17 13:30:27','2022-03-17 13:30:27'),(206,8,'CommandeController@index','105.159.250.109','2022-03-17 13:30:51','2022-03-17 13:30:51'),(207,8,'CommandeController@index','105.159.250.109','2022-03-17 13:30:55','2022-03-17 13:30:55'),(208,8,'CommandeController@index','105.159.250.109','2022-03-17 13:31:00','2022-03-17 13:31:00'),(209,8,'CommandeController@getCommandesWhereState','105.159.250.109','2022-03-17 13:31:03','2022-03-17 13:31:03'),(210,8,'CommandeController@getCommandesWhereState','105.159.250.109','2022-03-17 13:32:07','2022-03-17 13:32:07'),(211,8,'CommandeController@edit','105.159.250.109','2022-03-17 13:32:45','2022-03-17 13:32:45'),(212,8,'CommandeController@menuOfMatrice','105.159.250.109','2022-03-17 13:32:45','2022-03-17 13:32:45'),(213,8,'CommandeController@edit','105.159.250.109','2022-03-17 13:33:20','2022-03-17 13:33:20'),(214,8,'CommandeController@menuOfMatrice','105.159.250.109','2022-03-17 13:33:20','2022-03-17 13:33:20'),(215,8,'CommandeController@edit','105.159.250.109','2022-03-17 13:33:26','2022-03-17 13:33:26'),(216,8,'CommandeController@menuOfMatrice','105.159.250.109','2022-03-17 13:33:27','2022-03-17 13:33:27'),(217,8,'CommandeController@edit','105.159.250.109','2022-03-17 13:33:43','2022-03-17 13:33:43'),(218,8,'CommandeController@menuOfMatrice','105.159.250.109','2022-03-17 13:33:44','2022-03-17 13:33:44'),(219,8,'CommandeController@update','105.159.250.109','2022-03-17 13:34:54','2022-03-17 13:34:54'),(220,8,'CommandeController@index','105.159.250.109','2022-03-17 13:34:54','2022-03-17 13:34:54'),(221,8,'CommandeController@index','105.159.250.109','2022-03-17 13:34:58','2022-03-17 13:34:58'),(222,8,'CommandeController@getCommandesWhereState','105.159.250.109','2022-03-17 13:35:00','2022-03-17 13:35:00'),(223,8,'CommandeController@edit','105.159.250.109','2022-03-17 13:35:06','2022-03-17 13:35:06'),(224,8,'CommandeController@menuOfMatrice','105.159.250.109','2022-03-17 13:35:06','2022-03-17 13:35:06'),(225,8,'CommandeController@edit','105.159.250.109','2022-03-17 13:35:08','2022-03-17 13:35:08'),(226,8,'CommandeController@menuOfMatrice','105.159.250.109','2022-03-17 13:35:08','2022-03-17 13:35:08'),(227,8,'CommandeController@edit','105.159.250.109','2022-03-17 13:35:12','2022-03-17 13:35:12'),(228,8,'CommandeController@menuOfMatrice','105.159.250.109','2022-03-17 13:35:13','2022-03-17 13:35:13'),(229,8,'CommandeController@index','105.159.250.109','2022-03-17 13:35:20','2022-03-17 13:35:20'),(230,8,'CommandeController@create','105.159.250.109','2022-03-17 13:35:22','2022-03-17 13:35:22'),(231,8,'CommandeController@menuOfMatrice','105.159.250.109','2022-03-17 13:36:06','2022-03-17 13:36:06'),(232,NULL,'LoginController@showLoginForm','105.159.250.109','2022-03-17 13:38:39','2022-03-17 13:38:39'),(233,NULL,'LoginController@login','105.159.250.109','2022-03-17 13:39:01','2022-03-17 13:39:01'),(234,7,'Closure','105.159.250.109','2022-03-17 13:39:02','2022-03-17 13:39:02'),(235,7,'AnalyseController@index','105.159.250.109','2022-03-17 13:39:13','2022-03-17 13:39:13'),(236,7,'AnalyseController@index','105.159.250.109','2022-03-17 13:39:13','2022-03-17 13:39:13'),(237,7,'AnalyseController@import','105.159.250.109','2022-03-17 13:39:35','2022-03-17 13:39:35'),(238,7,'AnalyseController@index','105.159.250.109','2022-03-17 13:39:35','2022-03-17 13:39:35'),(239,7,'AnalyseController@index','105.159.250.109','2022-03-17 13:39:35','2022-03-17 13:39:35'),(240,7,'AnalyseController@import','105.159.250.109','2022-03-17 13:40:28','2022-03-17 13:40:28'),(241,7,'AnalyseController@index','105.159.250.109','2022-03-17 13:40:29','2022-03-17 13:40:29'),(242,7,'AnalyseController@index','105.159.250.109','2022-03-17 13:40:29','2022-03-17 13:40:29'),(243,7,'AnalyseController@export','105.159.250.109','2022-03-17 13:40:35','2022-03-17 13:40:35'),(244,7,'AnalyseController@import','105.159.250.109','2022-03-17 13:41:08','2022-03-17 13:41:08'),(245,7,'AnalyseController@index','105.159.250.109','2022-03-17 13:41:08','2022-03-17 13:41:08'),(246,7,'AnalyseController@index','105.159.250.109','2022-03-17 13:41:09','2022-03-17 13:41:09'),(247,7,'AnalyseController@refresh','105.159.250.109','2022-03-17 13:41:28','2022-03-17 13:41:28'),(248,7,'AnalyseController@index','105.159.250.109','2022-03-17 13:41:28','2022-03-17 13:41:28'),(249,7,'AnalyseController@index','105.159.250.109','2022-03-17 13:41:28','2022-03-17 13:41:28'),(250,7,'AnalyseController@import','105.159.250.109','2022-03-17 13:41:49','2022-03-17 13:41:49'),(251,7,'AnalyseController@index','105.159.250.109','2022-03-17 13:41:50','2022-03-17 13:41:50'),(252,7,'AnalyseController@index','105.159.250.109','2022-03-17 13:41:50','2022-03-17 13:41:50'),(253,NULL,'LoginController@showLoginForm','105.159.250.109','2022-03-18 07:43:06','2022-03-18 07:43:06'),(254,NULL,'LoginController@login','105.159.250.109','2022-03-18 07:43:08','2022-03-18 07:43:08'),(255,9,'Closure','105.159.250.109','2022-03-18 07:43:08','2022-03-18 07:43:08'),(256,9,'AnalyseController@index','105.159.250.109','2022-03-18 07:43:13','2022-03-18 07:43:13'),(257,9,'AnalyseController@index','105.159.250.109','2022-03-18 07:43:14','2022-03-18 07:43:14'),(258,9,'AnalyseController@export','105.159.250.109','2022-03-18 07:43:16','2022-03-18 07:43:16'),(259,9,'AnalyseController@export','105.159.250.109','2022-03-18 07:43:17','2022-03-18 07:43:17'),(260,9,'AnalyseController@import','105.159.250.109','2022-03-18 07:43:28','2022-03-18 07:43:28'),(261,9,'AnalyseController@index','105.159.250.109','2022-03-18 07:43:28','2022-03-18 07:43:28'),(262,9,'AnalyseController@index','105.159.250.109','2022-03-18 07:43:28','2022-03-18 07:43:28'),(263,9,'AnalyseController@import','105.159.250.109','2022-03-18 07:46:23','2022-03-18 07:46:23'),(264,9,'AnalyseController@index','105.159.250.109','2022-03-18 07:46:23','2022-03-18 07:46:23'),(265,9,'AnalyseController@index','105.159.250.109','2022-03-18 07:46:24','2022-03-18 07:46:24'),(266,9,'LoginController@showLoginForm','105.159.250.109','2022-03-18 07:49:56','2022-03-18 07:49:56'),(267,9,'AnalyseController@refresh','105.159.250.109','2022-03-18 08:06:52','2022-03-18 08:06:52'),(268,9,'AnalyseController@index','105.159.250.109','2022-03-18 08:06:52','2022-03-18 08:06:52'),(269,9,'AnalyseController@index','105.159.250.109','2022-03-18 08:06:53','2022-03-18 08:06:53'),(270,9,'AnalyseController@import','105.159.250.109','2022-03-18 08:07:54','2022-03-18 08:07:54'),(271,9,'AnalyseController@index','105.159.250.109','2022-03-18 08:07:54','2022-03-18 08:07:54'),(272,9,'AnalyseController@index','105.159.250.109','2022-03-18 08:07:54','2022-03-18 08:07:54'),(273,9,'ActivityController@index','105.159.250.109','2022-03-18 08:09:52','2022-03-18 08:09:52'),(274,9,'ActivityController@index','105.159.250.109','2022-03-18 08:10:01','2022-03-18 08:10:01'),(275,9,'ActivityController@index','105.159.250.109','2022-03-18 08:10:05','2022-03-18 08:10:05'),(276,9,'ActivityController@index','105.159.250.109','2022-03-18 08:11:28','2022-03-18 08:11:28'),(277,9,'ActivityController@index','105.159.250.109','2022-03-18 08:13:13','2022-03-18 08:13:13'),(278,9,'ActivityController@index','105.159.250.109','2022-03-18 08:13:19','2022-03-18 08:13:19'),(279,9,'ActivityController@index','105.159.250.109','2022-03-18 08:13:21','2022-03-18 08:13:21'),(280,9,'ActivityController@index','105.159.250.109','2022-03-18 08:13:42','2022-03-18 08:13:42'),(281,9,'Closure','105.159.250.109','2022-03-18 08:13:53','2022-03-18 08:13:53'),(282,9,'Closure','105.159.250.109','2022-03-18 08:13:57','2022-03-18 08:13:57'),(283,9,'DashboardAdminController@statistiqueLabo','105.159.250.109','2022-03-18 08:13:59','2022-03-18 08:13:59'),(284,9,'DashboardAdminController@CAbyZone','105.159.250.109','2022-03-18 08:13:59','2022-03-18 08:13:59'),(285,9,'DashboardAdminController@CommandeByMatrice','105.159.250.109','2022-03-18 08:13:59','2022-03-18 08:13:59'),(286,9,'DashboardAdminController@withZone','105.159.250.109','2022-03-18 08:13:59','2022-03-18 08:13:59'),(287,9,'DashboardAdminController@CommandeByMatrice','105.159.250.109','2022-03-18 08:13:59','2022-03-18 08:13:59'),(288,9,'DashboardAdminController@top5Commercial','105.159.250.109','2022-03-18 08:13:59','2022-03-18 08:13:59'),(289,9,'DashboardAdminController@CommandeByMatrice','105.159.250.109','2022-03-18 08:13:59','2022-03-18 08:13:59'),(290,9,'DashboardAdminController@commercialTable','105.159.250.109','2022-03-18 08:13:59','2022-03-18 08:13:59'),(291,9,'DashboardAdminController@withZone','105.159.250.109','2022-03-18 08:14:39','2022-03-18 08:14:39'),(292,9,'DashboardAdminController@withZone','105.159.250.109','2022-03-18 08:14:42','2022-03-18 08:14:42'),(293,9,'ActivityController@index','105.159.250.109','2022-03-18 08:14:57','2022-03-18 08:14:57'),(294,NULL,'LoginController@showLoginForm','105.159.250.109','2022-03-18 10:21:24','2022-03-18 10:21:24'),(295,NULL,'LoginController@login','105.159.250.109','2022-03-18 10:21:30','2022-03-18 10:21:30'),(296,NULL,'LoginController@showLoginForm','105.159.250.109','2022-03-18 10:21:30','2022-03-18 10:21:30'),(297,NULL,'LoginController@login','105.159.250.109','2022-03-18 10:22:34','2022-03-18 10:22:34'),(298,NULL,'LoginController@showLoginForm','105.159.250.109','2022-03-18 10:22:34','2022-03-18 10:22:34'),(299,NULL,'LoginController@login','105.159.250.109','2022-03-18 10:22:49','2022-03-18 10:22:49'),(300,3,'Closure','105.159.250.109','2022-03-18 10:22:49','2022-03-18 10:22:49'),(301,3,'AnalyseController@index','105.159.250.109','2022-03-18 10:22:53','2022-03-18 10:22:53'),(302,3,'AnalyseController@index','105.159.250.109','2022-03-18 10:22:53','2022-03-18 10:22:53'),(303,3,'AnalyseController@index','105.159.250.109','2022-03-18 10:22:56','2022-03-18 10:22:56'),(304,3,'AnalyseController@index','105.159.250.109','2022-03-18 10:23:00','2022-03-18 10:23:00'),(305,3,'ReportController@index','105.159.250.109','2022-03-18 10:23:04','2022-03-18 10:23:04'),(306,3,'AnalyseController@index','105.159.250.109','2022-03-18 10:23:14','2022-03-18 10:23:14'),(307,3,'AnalyseController@index','105.159.250.109','2022-03-18 10:23:14','2022-03-18 10:23:14'),(308,NULL,'LoginController@showLoginForm','159.223.182.205','2022-03-18 12:19:57','2022-03-18 12:19:57'),(309,NULL,'LoginController@showLoginForm','164.92.228.74','2022-03-19 11:21:36','2022-03-19 11:21:36'),(310,NULL,'LoginController@showLoginForm','160.164.163.72','2022-03-19 18:26:17','2022-03-19 18:26:17'),(311,NULL,'LoginController@showLoginForm','160.164.163.72','2022-03-19 18:36:00','2022-03-19 18:36:00'),(312,NULL,'LoginController@showLoginForm','105.159.250.109','2022-03-24 14:26:02','2022-03-24 14:26:02'),(313,NULL,'LoginController@login','105.159.250.109','2022-03-24 14:26:08','2022-03-24 14:26:08'),(314,8,'Closure','105.159.250.109','2022-03-24 14:26:08','2022-03-24 14:26:08'),(315,8,'CommandeController@index','105.159.250.109','2022-03-24 14:26:20','2022-03-24 14:26:20'),(316,8,'CommandeController@getCommandesWhereState','105.159.250.109','2022-03-24 14:26:26','2022-03-24 14:26:26'),(317,8,'CommandeController@getCommandesWhereState','105.159.250.109','2022-03-24 14:26:28','2022-03-24 14:26:28'),(318,NULL,'LoginController@showLoginForm','105.159.250.109','2022-03-24 14:27:32','2022-03-24 14:27:32'),(319,NULL,'LoginController@login','105.159.250.109','2022-03-24 14:28:00','2022-03-24 14:28:00'),(320,NULL,'LoginController@showLoginForm','105.159.250.109','2022-03-24 14:28:00','2022-03-24 14:28:00'),(321,NULL,'LoginController@login','105.159.250.109','2022-03-24 14:28:07','2022-03-24 14:28:07'),(322,NULL,'LoginController@showLoginForm','105.159.250.109','2022-03-24 14:28:08','2022-03-24 14:28:08'),(323,NULL,'LoginController@login','105.159.250.109','2022-03-24 14:28:30','2022-03-24 14:28:30'),(324,6,'Closure','105.159.250.109','2022-03-24 14:28:30','2022-03-24 14:28:30'),(325,6,'AnalyseController@index','105.159.250.109','2022-03-24 14:28:41','2022-03-24 14:28:41'),(326,6,'AnalyseController@index','105.159.250.109','2022-03-24 14:28:42','2022-03-24 14:28:42'),(327,6,'CommandeController@index','105.159.250.109','2022-03-24 14:28:51','2022-03-24 14:28:51'),(328,6,'CommandeController@index','105.159.250.109','2022-03-24 14:28:55','2022-03-24 14:28:55'),(329,6,'CommandeController@getCommandesWhereState','105.159.250.109','2022-03-24 14:29:01','2022-03-24 14:29:01'),(330,6,'CommandeController@valider','105.159.250.109','2022-03-24 14:29:07','2022-03-24 14:29:07'),(331,6,'CommandeController@json','105.159.250.109','2022-03-24 14:29:07','2022-03-24 14:29:07'),(332,6,'CommandeController@index','105.159.250.109','2022-03-24 14:29:14','2022-03-24 14:29:14'),(333,6,'CommandeController@index','105.159.250.109','2022-03-24 14:29:17','2022-03-24 14:29:17'),(334,6,'CommandeController@getCommandesWhereState','105.159.250.109','2022-03-24 14:29:23','2022-03-24 14:29:23'),(335,6,'CommandeController@valider','105.159.250.109','2022-03-24 14:29:27','2022-03-24 14:29:27'),(336,6,'CommandeController@json','105.159.250.109','2022-03-24 14:29:27','2022-03-24 14:29:27'),(337,6,'CommandeController@getCommandesWhereState','105.159.250.109','2022-03-24 14:29:42','2022-03-24 14:29:42'),(338,6,'CommandeController@getCommandesWhereState','105.159.250.109','2022-03-24 14:29:45','2022-03-24 14:29:45'),(339,6,'CommandeController@valider','105.159.250.109','2022-03-24 14:29:49','2022-03-24 14:29:49'),(340,6,'CommandeController@json','105.159.250.109','2022-03-24 14:29:49','2022-03-24 14:29:49'),(341,6,'CommandeController@index','105.159.250.109','2022-03-24 14:30:12','2022-03-24 14:30:12'),(342,8,'CommandeController@getCommandesWhereState','105.159.250.109','2022-03-24 14:39:40','2022-03-24 14:39:40'),(343,8,'CommandeController@index','105.159.250.109','2022-03-24 14:39:56','2022-03-24 14:39:56'),(344,8,'CommandeController@index','105.159.250.109','2022-03-24 14:39:57','2022-03-24 14:39:57'),(345,8,'CommandeController@getCommandesWhereState','105.159.250.109','2022-03-24 14:40:00','2022-03-24 14:40:00'),(346,8,'CommandeController@getCommandesWhereState','105.159.250.109','2022-03-24 14:40:03','2022-03-24 14:40:03'),(347,8,'CommandeController@getCommandesWhereState','105.159.250.109','2022-03-24 14:40:09','2022-03-24 14:40:09'),(348,8,'Closure','105.159.250.109','2022-03-24 14:41:44','2022-03-24 14:41:44'),(349,8,'CommandeController@index','105.159.250.109','2022-03-24 14:41:48','2022-03-24 14:41:48'),(350,8,'CommandeController@getCommandesWhereState','105.159.250.109','2022-03-24 14:41:51','2022-03-24 14:41:51'),(351,8,'CommandeController@getCommandesWhereState','105.159.250.109','2022-03-24 14:41:53','2022-03-24 14:41:53'),(352,6,'CommandeController@index','105.159.250.109','2022-03-24 14:43:53','2022-03-24 14:43:53'),(353,6,'CommandeController@index','105.159.250.109','2022-03-24 14:43:56','2022-03-24 14:43:56'),(354,6,'CommandeController@index','105.159.250.109','2022-03-24 14:44:04','2022-03-24 14:44:04'),(355,6,'CommandeController@getCommandesWhereState','105.159.250.109','2022-03-24 14:44:15','2022-03-24 14:44:15'),(356,8,'Closure','105.159.250.109','2022-03-24 14:44:50','2022-03-24 14:44:50'),(357,8,'CommandeController@index','105.159.250.109','2022-03-24 14:44:57','2022-03-24 14:44:57'),(358,8,'CommandeController@index','105.159.250.109','2022-03-24 14:45:04','2022-03-24 14:45:04'),(359,8,'CommandeController@index','105.159.250.109','2022-03-24 14:45:12','2022-03-24 14:45:12'),(360,8,'CommandeController@index','105.159.250.109','2022-03-24 14:45:18','2022-03-24 14:45:18'),(361,8,'CommandeController@index','105.159.250.109','2022-03-24 14:45:22','2022-03-24 14:45:22'),(362,8,'CommandeController@search','105.159.250.109','2022-03-24 14:45:32','2022-03-24 14:45:32'),(363,8,'CommandeController@search','105.159.250.109','2022-03-24 14:45:33','2022-03-24 14:45:33'),(364,8,'CommandeController@search','105.159.250.109','2022-03-24 14:45:33','2022-03-24 14:45:33'),(365,8,'CommandeController@index','105.159.250.109','2022-03-24 14:48:05','2022-03-24 14:48:05'),(366,8,'CommandeController@index','105.159.250.109','2022-03-24 14:48:09','2022-03-24 14:48:09'),(367,8,'CommandeController@index','105.159.250.109','2022-03-24 14:48:13','2022-03-24 14:48:13'),(368,8,'CommandeController@create','105.159.250.109','2022-03-24 14:48:16','2022-03-24 14:48:16'),(369,8,'CommandeController@index','105.159.250.109','2022-03-24 14:48:33','2022-03-24 14:48:33'),(370,8,'CommandeController@getCommandesWhereState','105.159.250.109','2022-03-24 14:48:36','2022-03-24 14:48:36'),(371,8,'CommandeController@search','105.159.250.109','2022-03-24 14:48:38','2022-03-24 14:48:38'),(372,8,'CommandeController@search','105.159.250.109','2022-03-24 14:48:38','2022-03-24 14:48:38'),(373,8,'CommandeController@search','105.159.250.109','2022-03-24 14:48:40','2022-03-24 14:48:40'),(374,8,'CommandeController@create','105.159.250.109','2022-03-24 14:49:03','2022-03-24 14:49:03'),(375,8,'CommandeController@menuOfMatrice','105.159.250.109','2022-03-24 14:52:44','2022-03-24 14:52:44'),(376,8,'CommandeController@store','105.159.250.109','2022-03-24 14:56:39','2022-03-24 14:56:39'),(377,8,'CommandeController@create','105.159.250.109','2022-03-24 14:56:39','2022-03-24 14:56:39'),(378,8,'CommandeController@menuOfMatrice','105.159.250.109','2022-03-24 14:57:14','2022-03-24 14:57:14'),(379,8,'CommandeController@menuOfMatrice','105.159.250.109','2022-03-24 14:57:45','2022-03-24 14:57:45'),(380,8,'CommandeController@menuOfMatrice','105.159.250.109','2022-03-24 14:58:17','2022-03-24 14:58:17'),(381,8,'CommandeController@store','105.159.250.109','2022-03-24 14:59:00','2022-03-24 14:59:00'),(382,8,'CommandeController@create','105.159.250.109','2022-03-24 14:59:00','2022-03-24 14:59:00'),(383,8,'CommandeController@menuOfMatrice','105.159.250.109','2022-03-24 14:59:30','2022-03-24 14:59:30'),(384,8,'CommandeController@store','105.159.250.109','2022-03-24 15:00:02','2022-03-24 15:00:02'),(385,8,'CommandeController@create','105.159.250.109','2022-03-24 15:00:02','2022-03-24 15:00:02'),(386,8,'CommandeController@index','105.159.250.109','2022-03-24 15:00:04','2022-03-24 15:00:04'),(387,8,'CommandeController@getCommandesWhereState','105.159.250.109','2022-03-24 15:00:07','2022-03-24 15:00:07'),(388,8,'CommandeController@edit','105.159.250.109','2022-03-24 15:00:17','2022-03-24 15:00:17'),(389,8,'CommandeController@menuOfMatrice','105.159.250.109','2022-03-24 15:00:18','2022-03-24 15:00:18'),(390,8,'CommandeController@update','105.159.250.109','2022-03-24 15:00:29','2022-03-24 15:00:29'),(391,8,'CommandeController@index','105.159.250.109','2022-03-24 15:00:29','2022-03-24 15:00:29'),(392,8,'CommandeController@getCommandesWhereState','105.159.250.109','2022-03-24 15:00:38','2022-03-24 15:00:38'),(393,8,'CommandeController@create','105.159.250.109','2022-03-24 15:01:23','2022-03-24 15:01:23'),(394,8,'ClientController@store','105.159.250.109','2022-03-24 15:02:27','2022-03-24 15:02:27'),(395,8,'ClientController@store','105.159.250.109','2022-03-24 15:02:30','2022-03-24 15:02:30'),(396,8,'ClientController@store','105.159.250.109','2022-03-24 15:02:58','2022-03-24 15:02:58'),(397,8,'ClientController@store','105.159.250.109','2022-03-24 15:03:00','2022-03-24 15:03:00'),(398,8,'ClientController@store','105.159.250.109','2022-03-24 15:03:01','2022-03-24 15:03:01'),(399,8,'ClientController@store','105.159.250.109','2022-03-24 15:03:01','2022-03-24 15:03:01'),(400,8,'ClientController@store','105.159.250.109','2022-03-24 15:03:01','2022-03-24 15:03:01'),(401,8,'ClientController@store','105.159.250.109','2022-03-24 15:03:01','2022-03-24 15:03:01'),(402,8,'ClientController@store','105.159.250.109','2022-03-24 15:03:02','2022-03-24 15:03:02'),(403,8,'ClientController@store','105.159.250.109','2022-03-24 15:04:42','2022-03-24 15:04:42'),(404,8,'CommandeController@create','105.159.250.109','2022-03-24 15:04:48','2022-03-24 15:04:48'),(405,8,'CommandeController@menuOfMatrice','105.159.250.109','2022-03-24 15:05:50','2022-03-24 15:05:50'),(406,8,'CommandeController@store','105.159.250.109','2022-03-24 15:07:07','2022-03-24 15:07:07'),(407,8,'CommandeController@create','105.159.250.109','2022-03-24 15:07:07','2022-03-24 15:07:07'),(408,8,'ClientController@store','105.159.250.109','2022-03-24 15:07:31','2022-03-24 15:07:31'),(409,8,'ClientController@store','105.159.250.109','2022-03-24 15:07:34','2022-03-24 15:07:34'),(410,8,'CommandeController@create','105.159.250.109','2022-03-24 15:07:39','2022-03-24 15:07:39'),(411,8,'CommandeController@menuOfMatrice','105.159.250.109','2022-03-24 15:08:50','2022-03-24 15:08:50'),(412,8,'CommandeController@menuOfMatrice','105.159.250.109','2022-03-24 15:08:53','2022-03-24 15:08:53'),(413,8,'CommandeController@menuOfMatrice','105.159.250.109','2022-03-24 15:09:00','2022-03-24 15:09:00'),(414,8,'CommandeController@store','105.159.250.109','2022-03-24 15:12:02','2022-03-24 15:12:02'),(415,8,'CommandeController@create','105.159.250.109','2022-03-24 15:12:03','2022-03-24 15:12:03'),(416,8,'CommandeController@index','105.159.250.109','2022-03-24 15:12:06','2022-03-24 15:12:06'),(417,8,'CommandeController@getCommandesWhereState','105.159.250.109','2022-03-24 15:12:09','2022-03-24 15:12:09'),(418,8,'CommandeController@edit','105.159.250.109','2022-03-24 15:12:18','2022-03-24 15:12:18'),(419,8,'CommandeController@menuOfMatrice','105.159.250.109','2022-03-24 15:12:18','2022-03-24 15:12:18'),(420,8,'CommandeController@update','105.159.250.109','2022-03-24 15:12:23','2022-03-24 15:12:23'),(421,8,'CommandeController@index','105.159.250.109','2022-03-24 15:12:24','2022-03-24 15:12:24'),(422,8,'CommandeController@create','105.159.250.109','2022-03-24 15:12:26','2022-03-24 15:12:26'),(423,8,'ClientController@store','105.159.250.109','2022-03-24 15:13:54','2022-03-24 15:13:54'),(424,8,'ClientController@store','105.159.250.109','2022-03-24 15:13:58','2022-03-24 15:13:58'),(425,8,'CommandeController@create','105.159.250.109','2022-03-24 15:14:02','2022-03-24 15:14:02'),(426,8,'CommandeController@menuOfMatrice','105.159.250.109','2022-03-24 15:14:44','2022-03-24 15:14:44'),(427,8,'CommandeController@store','105.159.250.109','2022-03-24 15:15:22','2022-03-24 15:15:22'),(428,8,'CommandeController@create','105.159.250.109','2022-03-24 15:15:22','2022-03-24 15:15:22'),(429,8,'CommandeController@menuOfMatrice','105.159.250.109','2022-03-24 15:15:45','2022-03-24 15:15:45'),(430,8,'CommandeController@store','105.159.250.109','2022-03-24 15:16:53','2022-03-24 15:16:53'),(431,8,'CommandeController@create','105.159.250.109','2022-03-24 15:16:54','2022-03-24 15:16:54'),(432,8,'ClientController@store','105.159.250.109','2022-03-24 15:17:25','2022-03-24 15:17:25'),(433,8,'CommandeController@create','105.159.250.109','2022-03-24 15:17:31','2022-03-24 15:17:31'),(434,8,'CommandeController@menuOfMatrice','105.159.250.109','2022-03-24 15:18:14','2022-03-24 15:18:14'),(435,8,'CommandeController@menuOfMatrice','105.159.250.109','2022-03-24 15:18:27','2022-03-24 15:18:27'),(436,8,'CommandeController@menuOfMatrice','105.159.250.109','2022-03-24 15:18:35','2022-03-24 15:18:35'),(437,8,'CommandeController@store','105.159.250.109','2022-03-24 15:35:37','2022-03-24 15:35:37'),(438,8,'CommandeController@create','105.159.250.109','2022-03-24 15:35:39','2022-03-24 15:35:39'),(439,8,'CommandeController@store','105.159.250.109','2022-03-24 15:35:39','2022-03-24 15:35:39'),(440,8,'CommandeController@create','105.159.250.109','2022-03-24 15:35:41','2022-03-24 15:35:41'),(441,8,'Closure','105.159.250.109','2022-03-24 15:36:09','2022-03-24 15:36:09'),(442,8,'CommandeController@index','105.159.250.109','2022-03-24 15:36:22','2022-03-24 15:36:22'),(443,8,'CommandeController@create','105.159.250.109','2022-03-24 15:36:24','2022-03-24 15:36:24'),(444,8,'CommandeController@menuOfMatrice','105.159.250.109','2022-03-24 15:36:48','2022-03-24 15:36:48'),(445,8,'CommandeController@menuOfMatrice','105.159.250.109','2022-03-24 15:38:31','2022-03-24 15:38:31'),(446,8,'CommandeController@menuOfMatrice','105.159.250.109','2022-03-24 15:39:37','2022-03-24 15:39:37'),(447,8,'CommandeController@store','105.159.250.109','2022-03-24 15:40:46','2022-03-24 15:40:46'),(448,8,'CommandeController@create','105.159.250.109','2022-03-24 15:40:46','2022-03-24 15:40:46'),(449,8,'CommandeController@index','105.159.250.109','2022-03-24 15:40:48','2022-03-24 15:40:48'),(450,8,'CommandeController@getCommandesWhereState','105.159.250.109','2022-03-24 15:40:51','2022-03-24 15:40:51'),(451,8,'CommandeController@edit','105.159.250.109','2022-03-24 15:40:58','2022-03-24 15:40:58'),(452,8,'CommandeController@menuOfMatrice','105.159.250.109','2022-03-24 15:40:58','2022-03-24 15:40:58'),(453,8,'CommandeController@update','105.159.250.109','2022-03-24 15:41:03','2022-03-24 15:41:03'),(454,8,'CommandeController@index','105.159.250.109','2022-03-24 15:41:03','2022-03-24 15:41:03'),(455,8,'CommandeController@index','105.159.250.109','2022-03-24 15:41:05','2022-03-24 15:41:05'),(456,8,'CommandeController@getCommandesWhereState','105.159.250.109','2022-03-24 15:41:08','2022-03-24 15:41:08'),(457,8,'CommandeController@edit','105.159.250.109','2022-03-24 15:41:19','2022-03-24 15:41:19'),(458,8,'CommandeController@menuOfMatrice','105.159.250.109','2022-03-24 15:41:19','2022-03-24 15:41:19'),(459,8,'CommandeController@update','105.159.250.109','2022-03-24 15:41:27','2022-03-24 15:41:27'),(460,8,'CommandeController@index','105.159.250.109','2022-03-24 15:41:27','2022-03-24 15:41:27'),(461,8,'CommandeController@create','105.159.250.109','2022-03-24 15:41:32','2022-03-24 15:41:32'),(462,8,'ClientController@store','105.159.250.109','2022-03-24 15:41:51','2022-03-24 15:41:51'),(463,8,'ClientController@store','105.159.250.109','2022-03-24 15:41:53','2022-03-24 15:41:53'),(464,8,'CommandeController@create','105.159.250.109','2022-03-24 15:41:59','2022-03-24 15:41:59'),(465,8,'MatriceController@index','105.159.250.109','2022-03-24 15:42:14','2022-03-24 15:42:14'),(466,NULL,'LoginController@showLoginForm','142.93.77.10','2022-03-25 18:27:30','2022-03-25 18:27:30'),(467,NULL,'LoginController@showLoginForm','105.159.250.109','2022-03-28 11:08:50','2022-03-28 11:08:50'),(468,NULL,'LoginController@login','105.159.250.109','2022-03-28 11:09:11','2022-03-28 11:09:11'),(469,7,'Closure','105.159.250.109','2022-03-28 11:09:11','2022-03-28 11:09:11'),(470,7,'AnalyseController@index','105.159.250.109','2022-03-28 11:09:24','2022-03-28 11:09:24'),(471,7,'AnalyseController@index','105.159.250.109','2022-03-28 11:09:25','2022-03-28 11:09:25'),(472,7,'AnalyseController@index','105.159.250.109','2022-03-28 11:09:29','2022-03-28 11:09:29'),(473,7,'AnalyseController@export','105.159.250.109','2022-03-28 11:09:45','2022-03-28 11:09:45'),(474,7,'AnalyseController@import','105.159.250.109','2022-03-28 11:21:26','2022-03-28 11:21:26'),(475,7,'AnalyseController@index','105.159.250.109','2022-03-28 11:21:27','2022-03-28 11:21:27'),(476,7,'AnalyseController@index','105.159.250.109','2022-03-28 11:21:27','2022-03-28 11:21:27'),(477,7,'AnalyseController@refresh','105.159.250.109','2022-03-28 11:22:19','2022-03-28 11:22:19'),(478,7,'AnalyseController@index','105.159.250.109','2022-03-28 11:22:19','2022-03-28 11:22:19'),(479,7,'AnalyseController@index','105.159.250.109','2022-03-28 11:22:19','2022-03-28 11:22:19'),(480,7,'AnalyseController@import','105.159.250.109','2022-03-28 11:22:29','2022-03-28 11:22:29'),(481,7,'AnalyseController@index','105.159.250.109','2022-03-28 11:22:29','2022-03-28 11:22:29'),(482,7,'AnalyseController@index','105.159.250.109','2022-03-28 11:22:29','2022-03-28 11:22:29'),(483,7,'AnalyseController@import','105.159.250.109','2022-03-28 11:22:54','2022-03-28 11:22:54'),(484,7,'AnalyseController@index','105.159.250.109','2022-03-28 11:22:54','2022-03-28 11:22:54'),(485,7,'AnalyseController@index','105.159.250.109','2022-03-28 11:22:54','2022-03-28 11:22:54'),(486,NULL,'LoginController@showLoginForm','105.159.250.109','2022-03-30 14:09:24','2022-03-30 14:09:24'),(487,NULL,'LoginController@login','105.159.250.109','2022-03-30 14:09:26','2022-03-30 14:09:26'),(488,9,'Closure','105.159.250.109','2022-03-30 14:09:26','2022-03-30 14:09:26'),(489,9,'AnalyseController@index','105.159.250.109','2022-03-30 14:09:32','2022-03-30 14:09:32'),(490,9,'AnalyseController@index','105.159.250.109','2022-03-30 14:09:33','2022-03-30 14:09:33'),(491,9,'AnalyseController@index','105.159.250.109','2022-03-30 14:09:38','2022-03-30 14:09:38'),(492,9,'AnalyseController@export','105.159.250.109','2022-03-30 14:09:40','2022-03-30 14:09:40'),(493,9,'AnalyseController@export','105.159.250.109','2022-03-30 14:09:42','2022-03-30 14:09:42'),(494,9,'AnalyseController@import','105.159.250.109','2022-03-30 14:10:54','2022-03-30 14:10:54'),(495,9,'AnalyseController@index','105.159.250.109','2022-03-30 14:10:54','2022-03-30 14:10:54'),(496,9,'AnalyseController@index','105.159.250.109','2022-03-30 14:10:54','2022-03-30 14:10:54');
/*!40000 ALTER TABLE `logs` ENABLE KEYS */;
UNLOCK TABLES;

--
-- Table structure for table `matrices`
--

DROP TABLE IF EXISTS `matrices`;
/*!40101 SET @saved_cs_client     = @@character_set_client */;
/*!40101 SET character_set_client = utf8 */;
CREATE TABLE `matrices` (
  `id` bigint(20) unsigned NOT NULL AUTO_INCREMENT,
  `name` varchar(50) COLLATE utf8mb4_unicode_ci NOT NULL,
  `code` int(11) NOT NULL,
  `delai` int(11) NOT NULL,
  `deleted_at` timestamp NULL DEFAULT NULL,
  `created_at` timestamp NULL DEFAULT NULL,
  `updated_at` timestamp NULL DEFAULT NULL,
  PRIMARY KEY (`id`)
) ENGINE=InnoDB AUTO_INCREMENT=10 DEFAULT CHARSET=utf8mb4 COLLATE=utf8mb4_unicode_ci;
/*!40101 SET character_set_client = @saved_cs_client */;

--
-- Dumping data for table `matrices`
--

LOCK TABLES `matrices` WRITE;
/*!40000 ALTER TABLE `matrices` DISABLE KEYS */;
INSERT INTO `matrices` VALUES (1,'EAU',100,4,NULL,NULL,NULL),(2,'EAU POTABLE',102,4,NULL,NULL,NULL),(3,'SOL',103,7,NULL,NULL,NULL),(4,'VEG',106,4,NULL,NULL,NULL),(5,'AMEO',109,7,NULL,NULL,NULL),(6,'MIC',110,7,NULL,NULL,NULL),(7,'SPV',111,7,NULL,NULL,NULL),(8,'DIAG',112,7,NULL,NULL,NULL),(9,'EAP',113,5,NULL,NULL,NULL);
/*!40000 ALTER TABLE `matrices` ENABLE KEYS */;
UNLOCK TABLES;

--
-- Table structure for table `menus`
--

DROP TABLE IF EXISTS `menus`;
/*!40101 SET @saved_cs_client     = @@character_set_client */;
/*!40101 SET character_set_client = utf8 */;
CREATE TABLE `menus` (
  `id` bigint(20) unsigned NOT NULL AUTO_INCREMENT,
  `matrice_id` bigint(20) unsigned NOT NULL,
  `name` varchar(20) COLLATE utf8mb4_unicode_ci NOT NULL,
  `prix_ht` varchar(20) COLLATE utf8mb4_unicode_ci NOT NULL,
  `prix_supv` varchar(20) COLLATE utf8mb4_unicode_ci NOT NULL,
  `deleted_at` timestamp NULL DEFAULT NULL,
  `created_at` timestamp NULL DEFAULT NULL,
  `updated_at` timestamp NULL DEFAULT NULL,
  PRIMARY KEY (`id`),
  KEY `menus_matrice_id_foreign` (`matrice_id`),
  CONSTRAINT `menus_matrice_id_foreign` FOREIGN KEY (`matrice_id`) REFERENCES `matrices` (`id`) ON DELETE CASCADE ON UPDATE CASCADE
) ENGINE=InnoDB AUTO_INCREMENT=48 DEFAULT CHARSET=utf8mb4 COLLATE=utf8mb4_unicode_ci;
/*!40101 SET character_set_client = @saved_cs_client */;

--
-- Dumping data for table `menus`
--

LOCK TABLES `menus` WRITE;
/*!40000 ALTER TABLE `menus` DISABLE KEYS */;
INSERT INTO `menus` VALUES (1,1,'EAU1','300','300',NULL,NULL,NULL),(2,1,'EAU2','240','240',NULL,NULL,NULL),(3,2,'WPOTA','400','395',NULL,NULL,NULL),(4,3,'SOL1','400','400',NULL,NULL,NULL),(5,3,'SOL2','375','375',NULL,NULL,NULL),(6,3,'SOL3','340','340',NULL,NULL,NULL),(7,3,'SOL4','300','300',NULL,NULL,NULL),(8,3,'SOL5','250','221',NULL,NULL,NULL),(9,4,'FOL1','400','400',NULL,NULL,NULL),(10,4,'FOL2','330','330',NULL,NULL,NULL),(11,4,'FOL3','270','265',NULL,NULL,NULL),(12,5,'ORG1','570','0',NULL,NULL,NULL),(13,5,'ORG2','418','0',NULL,NULL,NULL),(14,5,'ORGQ','1200','0',NULL,NULL,NULL),(15,5,'ORG-ETM','1000','0',NULL,NULL,NULL),(16,6,'MIC1','550','0',NULL,NULL,NULL),(17,6,'MIC2','450','0',NULL,NULL,NULL),(18,6,'MIC-AGRI','500','0',NULL,NULL,NULL),(19,6,'M-ALI','600','0',NULL,NULL,NULL),(20,6,'MIC-SUR','350','0',NULL,NULL,NULL),(21,6,'MIC-AIR','350','0',NULL,NULL,NULL),(22,7,'R-BASI','1200','0',NULL,NULL,NULL),(23,7,'R-DITH','800','0',NULL,NULL,NULL),(24,7,'S-TOXI','500','0',NULL,NULL,NULL),(25,7,'S-ETM','1000','0',NULL,NULL,NULL),(26,8,'DIAGV','1000','0',NULL,NULL,NULL),(27,8,'DIAGC','1000','0',NULL,NULL,NULL),(28,8,'DIAGB','1000','0',NULL,NULL,NULL),(29,8,'DIAGN','700','0',NULL,NULL,NULL),(30,9,'SOLM1','335','335',NULL,NULL,NULL),(31,9,'SOLM2','270','270',NULL,NULL,NULL),(32,9,'SOLRF1','495','401',NULL,NULL,NULL),(33,9,'SOLRF2','400','282',NULL,NULL,NULL),(34,9,'SOLRF3','317','0',NULL,NULL,NULL),(35,5,'MO 48H','200','0',NULL,NULL,NULL),(36,5,'MO24H','400','0',NULL,NULL,NULL),(37,5,'ORG2+ MO 48H','618','0',NULL,NULL,NULL),(38,5,'ORG1+ETM','1570','0',NULL,NULL,NULL),(39,5,'ORG2+ETM','1418','0',NULL,NULL,NULL),(40,5,'ISMO','8000','0',NULL,NULL,NULL),(41,3,'SOL1+SULFT','400','400',NULL,NULL,NULL),(42,1,'MENU BIPEA','0','0',NULL,NULL,NULL),(43,1,'EAU1+BORE','300','300',NULL,NULL,NULL),(44,9,'SOLM1+BORE','335','335',NULL,NULL,NULL),(45,5,'PH+EC+MO','300','0',NULL,NULL,NULL),(46,5,'PH+EC','100','0',NULL,NULL,NULL),(47,5,'MO ','100','0',NULL,NULL,NULL);
/*!40000 ALTER TABLE `menus` ENABLE KEYS */;
UNLOCK TABLES;

--
-- Table structure for table `migrations`
--

DROP TABLE IF EXISTS `migrations`;
/*!40101 SET @saved_cs_client     = @@character_set_client */;
/*!40101 SET character_set_client = utf8 */;
CREATE TABLE `migrations` (
  `id` int(10) unsigned NOT NULL AUTO_INCREMENT,
  `migration` varchar(255) COLLATE utf8mb4_unicode_ci NOT NULL,
  `batch` int(11) NOT NULL,
  PRIMARY KEY (`id`)
) ENGINE=InnoDB AUTO_INCREMENT=31 DEFAULT CHARSET=utf8mb4 COLLATE=utf8mb4_unicode_ci;
/*!40101 SET character_set_client = @saved_cs_client */;

--
-- Dumping data for table `migrations`
--

LOCK TABLES `migrations` WRITE;
/*!40000 ALTER TABLE `migrations` DISABLE KEYS */;
INSERT INTO `migrations` VALUES (1,'2014_10_12_000000_create_users_table',1),(2,'2014_10_12_100000_create_password_resets_table',1),(3,'2019_08_19_000000_create_failed_jobs_table',1),(4,'2019_12_14_000001_create_personal_access_tokens_table',1),(5,'2022_01_04_113328_create_matrices_table',1),(6,'2022_01_04_114310_create_menus_table',1),(7,'2022_01_05_073259_create_commercials_table',1),(8,'2022_01_05_090702_create_clients_table',1),(9,'2022_01_14_100848_create_lieus_table',1),(10,'2022_01_14_104729_create_commandes_table',1),(11,'2022_01_15_225552_create_commantairs_table',1),(12,'2022_01_16_161628_create_analyse_eau_potable_table',1),(13,'2022_01_17_191723_create_notifications_table',1),(14,'2022_01_20_085239_create_analyse_eau_table',1),(15,'2022_01_27_214146_add_quantite_to_commandes_table',1),(16,'2022_01_29_173023_create_analyse_ameo_table',1),(17,'2022_01_30_190850_add_deleted_at_to_clients_table',1),(18,'2022_01_30_210542_create_analyse_eap_table',1),(19,'2022_01_30_213431_create_analyse_sol_table',1),(20,'2022_01_30_220408_create_analyse_veg_table',1),(21,'2022_02_01_123244_add_path_images_to_commandes_table',1),(22,'2022_02_03_184609_create_analyse_unite_ameo_table',1),(23,'2022_02_03_184657_create_analyse_unite_eau_potable_table',1),(24,'2022_02_14_085333_create_analyse_unite_eap_table',1),(25,'2022_02_14_093350_create_analyse_unite_eau_table',1),(26,'2022_02_14_100034_create_analyse_unite_sol_table',1),(27,'2022_02_14_102611_create_analyse_unite_veg_table',1),(28,'2022_03_03_185107_create_activitys_table',1),(29,'2022_03_07_144619_create_permission_tables',1),(30,'2022_03_08_091906_create_logs_table',1);
/*!40000 ALTER TABLE `migrations` ENABLE KEYS */;
UNLOCK TABLES;

--
-- Table structure for table `model_has_permissions`
--

DROP TABLE IF EXISTS `model_has_permissions`;
/*!40101 SET @saved_cs_client     = @@character_set_client */;
/*!40101 SET character_set_client = utf8 */;
CREATE TABLE `model_has_permissions` (
  `permission_id` bigint(20) unsigned NOT NULL,
  `model_type` varchar(255) COLLATE utf8mb4_unicode_ci NOT NULL,
  `model_id` bigint(20) unsigned NOT NULL,
  PRIMARY KEY (`permission_id`,`model_id`,`model_type`),
  KEY `model_has_permissions_model_id_model_type_index` (`model_id`,`model_type`),
  CONSTRAINT `model_has_permissions_permission_id_foreign` FOREIGN KEY (`permission_id`) REFERENCES `permissions` (`id`) ON DELETE CASCADE
) ENGINE=InnoDB DEFAULT CHARSET=utf8mb4 COLLATE=utf8mb4_unicode_ci;
/*!40101 SET character_set_client = @saved_cs_client */;

--
-- Dumping data for table `model_has_permissions`
--

LOCK TABLES `model_has_permissions` WRITE;
/*!40000 ALTER TABLE `model_has_permissions` DISABLE KEYS */;
/*!40000 ALTER TABLE `model_has_permissions` ENABLE KEYS */;
UNLOCK TABLES;

--
-- Table structure for table `model_has_roles`
--

DROP TABLE IF EXISTS `model_has_roles`;
/*!40101 SET @saved_cs_client     = @@character_set_client */;
/*!40101 SET character_set_client = utf8 */;
CREATE TABLE `model_has_roles` (
  `role_id` bigint(20) unsigned NOT NULL,
  `model_type` varchar(255) COLLATE utf8mb4_unicode_ci NOT NULL,
  `model_id` bigint(20) unsigned NOT NULL,
  PRIMARY KEY (`role_id`,`model_id`,`model_type`),
  KEY `model_has_roles_model_id_model_type_index` (`model_id`,`model_type`),
  CONSTRAINT `model_has_roles_role_id_foreign` FOREIGN KEY (`role_id`) REFERENCES `roles` (`id`) ON DELETE CASCADE
) ENGINE=InnoDB DEFAULT CHARSET=utf8mb4 COLLATE=utf8mb4_unicode_ci;
/*!40101 SET character_set_client = @saved_cs_client */;

--
-- Dumping data for table `model_has_roles`
--

LOCK TABLES `model_has_roles` WRITE;
/*!40000 ALTER TABLE `model_has_roles` DISABLE KEYS */;
INSERT INTO `model_has_roles` VALUES (1,'App\\Models\\User',2),(1,'App\\Models\\User',3),(1,'App\\Models\\User',9),(3,'App\\Models\\User',5),(3,'App\\Models\\User',6),(4,'App\\Models\\User',7),(5,'App\\Models\\User',8);
/*!40000 ALTER TABLE `model_has_roles` ENABLE KEYS */;
UNLOCK TABLES;

--
-- Table structure for table `notifications`
--

DROP TABLE IF EXISTS `notifications`;
/*!40101 SET @saved_cs_client     = @@character_set_client */;
/*!40101 SET character_set_client = utf8 */;
CREATE TABLE `notifications` (
  `id` char(36) COLLATE utf8mb4_unicode_ci NOT NULL,
  `type` varchar(255) COLLATE utf8mb4_unicode_ci NOT NULL,
  `notifiable_type` varchar(255) COLLATE utf8mb4_unicode_ci NOT NULL,
  `notifiable_id` bigint(20) unsigned NOT NULL,
  `data` text COLLATE utf8mb4_unicode_ci NOT NULL,
  `read_at` timestamp NULL DEFAULT NULL,
  `created_at` timestamp NULL DEFAULT NULL,
  `updated_at` timestamp NULL DEFAULT NULL,
  PRIMARY KEY (`id`),
  KEY `notifications_notifiable_type_notifiable_id_index` (`notifiable_type`,`notifiable_id`)
) ENGINE=InnoDB DEFAULT CHARSET=utf8mb4 COLLATE=utf8mb4_unicode_ci;
/*!40101 SET character_set_client = @saved_cs_client */;

--
-- Dumping data for table `notifications`
--

LOCK TABLES `notifications` WRITE;
/*!40000 ALTER TABLE `notifications` DISABLE KEYS */;
/*!40000 ALTER TABLE `notifications` ENABLE KEYS */;
UNLOCK TABLES;

--
-- Table structure for table `password_resets`
--

DROP TABLE IF EXISTS `password_resets`;
/*!40101 SET @saved_cs_client     = @@character_set_client */;
/*!40101 SET character_set_client = utf8 */;
CREATE TABLE `password_resets` (
  `email` varchar(255) COLLATE utf8mb4_unicode_ci NOT NULL,
  `token` varchar(255) COLLATE utf8mb4_unicode_ci NOT NULL,
  `created_at` timestamp NULL DEFAULT NULL,
  KEY `password_resets_email_index` (`email`)
) ENGINE=InnoDB DEFAULT CHARSET=utf8mb4 COLLATE=utf8mb4_unicode_ci;
/*!40101 SET character_set_client = @saved_cs_client */;

--
-- Dumping data for table `password_resets`
--

LOCK TABLES `password_resets` WRITE;
/*!40000 ALTER TABLE `password_resets` DISABLE KEYS */;
/*!40000 ALTER TABLE `password_resets` ENABLE KEYS */;
UNLOCK TABLES;

--
-- Table structure for table `permissions`
--

DROP TABLE IF EXISTS `permissions`;
/*!40101 SET @saved_cs_client     = @@character_set_client */;
/*!40101 SET character_set_client = utf8 */;
CREATE TABLE `permissions` (
  `id` bigint(20) unsigned NOT NULL AUTO_INCREMENT,
  `name` varchar(255) COLLATE utf8mb4_unicode_ci NOT NULL,
  `guard_name` varchar(255) COLLATE utf8mb4_unicode_ci NOT NULL,
  `created_at` timestamp NULL DEFAULT NULL,
  `updated_at` timestamp NULL DEFAULT NULL,
  PRIMARY KEY (`id`),
  UNIQUE KEY `permissions_name_guard_name_unique` (`name`,`guard_name`)
) ENGINE=InnoDB AUTO_INCREMENT=39 DEFAULT CHARSET=utf8mb4 COLLATE=utf8mb4_unicode_ci;
/*!40101 SET character_set_client = @saved_cs_client */;

--
-- Dumping data for table `permissions`
--

LOCK TABLES `permissions` WRITE;
/*!40000 ALTER TABLE `permissions` DISABLE KEYS */;
INSERT INTO `permissions` VALUES (1,'role-list','web','2022-03-15 15:06:24','2022-03-15 15:06:24'),(2,'role-create','web','2022-03-15 15:06:24','2022-03-15 15:06:24'),(3,'role-edit','web','2022-03-15 15:06:24','2022-03-15 15:06:24'),(4,'role-delete','web','2022-03-15 15:06:24','2022-03-15 15:06:24'),(5,'user-list','web','2022-03-15 15:06:24','2022-03-15 15:06:24'),(6,'user-create','web','2022-03-15 15:06:24','2022-03-15 15:06:24'),(7,'user-edit','web','2022-03-15 15:06:24','2022-03-15 15:06:24'),(8,'user-delete','web','2022-03-15 15:06:24','2022-03-15 15:06:24'),(9,'matrice-list','web','2022-03-15 15:06:24','2022-03-15 15:06:24'),(10,'matrice-create','web','2022-03-15 15:06:24','2022-03-15 15:06:24'),(11,'matrice-edit','web','2022-03-15 15:06:25','2022-03-15 15:06:25'),(12,'matrice-delete','web','2022-03-15 15:06:25','2022-03-15 15:06:25'),(13,'menu-list','web','2022-03-15 15:06:25','2022-03-15 15:06:25'),(14,'menu-create','web','2022-03-15 15:06:25','2022-03-15 15:06:25'),(15,'menu-edit','web','2022-03-15 15:06:25','2022-03-15 15:06:25'),(16,'menu-delete','web','2022-03-15 15:06:25','2022-03-15 15:06:25'),(17,'commercial-list','web','2022-03-15 15:06:25','2022-03-15 15:06:25'),(18,'commercial-create','web','2022-03-15 15:06:25','2022-03-15 15:06:25'),(19,'commercial-edit','web','2022-03-15 15:06:25','2022-03-15 15:06:25'),(20,'commercial-delete','web','2022-03-15 15:06:25','2022-03-15 15:06:25'),(21,'lieu-list','web','2022-03-15 15:06:25','2022-03-15 15:06:25'),(22,'lieu-create','web','2022-03-15 15:06:25','2022-03-15 15:06:25'),(23,'lieu-edit','web','2022-03-15 15:06:25','2022-03-15 15:06:25'),(24,'lieu-delete','web','2022-03-15 15:06:25','2022-03-15 15:06:25'),(25,'client-list','web','2022-03-15 15:06:25','2022-03-15 15:06:25'),(26,'client-create','web','2022-03-15 15:06:25','2022-03-15 15:06:25'),(27,'client-edit','web','2022-03-15 15:06:25','2022-03-15 15:06:25'),(28,'client-delete','web','2022-03-15 15:06:25','2022-03-15 15:06:25'),(29,'commande-list','web','2022-03-15 15:06:25','2022-03-15 15:06:25'),(30,'commande-create','web','2022-03-15 15:06:25','2022-03-15 15:06:25'),(31,'commande-edit','web','2022-03-15 15:06:25','2022-03-15 15:06:25'),(32,'commande-valider','web','2022-03-15 15:06:25','2022-03-15 15:06:25'),(33,'commande-reject','web','2022-03-15 15:06:25','2022-03-15 15:06:25'),(34,'commande-delete','web','2022-03-15 15:06:25','2022-03-15 15:06:25'),(35,'dashboard-list','web','2022-03-15 15:06:25','2022-03-15 15:06:25'),(36,'analyses-list','web','2022-03-15 15:06:25','2022-03-15 15:06:25'),(37,'dashboard-admin-list','web','2022-03-15 15:06:25','2022-03-15 15:06:25'),(38,'activity-list','web','2022-03-15 15:06:25','2022-03-15 15:06:25');
/*!40000 ALTER TABLE `permissions` ENABLE KEYS */;
UNLOCK TABLES;

--
-- Table structure for table `personal_access_tokens`
--

DROP TABLE IF EXISTS `personal_access_tokens`;
/*!40101 SET @saved_cs_client     = @@character_set_client */;
/*!40101 SET character_set_client = utf8 */;
CREATE TABLE `personal_access_tokens` (
  `id` bigint(20) unsigned NOT NULL AUTO_INCREMENT,
  `tokenable_type` varchar(255) COLLATE utf8mb4_unicode_ci NOT NULL,
  `tokenable_id` bigint(20) unsigned NOT NULL,
  `name` varchar(255) COLLATE utf8mb4_unicode_ci NOT NULL,
  `token` varchar(64) COLLATE utf8mb4_unicode_ci NOT NULL,
  `abilities` text COLLATE utf8mb4_unicode_ci DEFAULT NULL,
  `last_used_at` timestamp NULL DEFAULT NULL,
  `created_at` timestamp NULL DEFAULT NULL,
  `updated_at` timestamp NULL DEFAULT NULL,
  PRIMARY KEY (`id`),
  UNIQUE KEY `personal_access_tokens_token_unique` (`token`),
  KEY `personal_access_tokens_tokenable_type_tokenable_id_index` (`tokenable_type`,`tokenable_id`)
) ENGINE=InnoDB DEFAULT CHARSET=utf8mb4 COLLATE=utf8mb4_unicode_ci;
/*!40101 SET character_set_client = @saved_cs_client */;

--
-- Dumping data for table `personal_access_tokens`
--

LOCK TABLES `personal_access_tokens` WRITE;
/*!40000 ALTER TABLE `personal_access_tokens` DISABLE KEYS */;
/*!40000 ALTER TABLE `personal_access_tokens` ENABLE KEYS */;
UNLOCK TABLES;

--
-- Table structure for table `role_has_permissions`
--

DROP TABLE IF EXISTS `role_has_permissions`;
/*!40101 SET @saved_cs_client     = @@character_set_client */;
/*!40101 SET character_set_client = utf8 */;
CREATE TABLE `role_has_permissions` (
  `permission_id` bigint(20) unsigned NOT NULL,
  `role_id` bigint(20) unsigned NOT NULL,
  PRIMARY KEY (`permission_id`,`role_id`),
  KEY `role_has_permissions_role_id_foreign` (`role_id`),
  CONSTRAINT `role_has_permissions_permission_id_foreign` FOREIGN KEY (`permission_id`) REFERENCES `permissions` (`id`) ON DELETE CASCADE,
  CONSTRAINT `role_has_permissions_role_id_foreign` FOREIGN KEY (`role_id`) REFERENCES `roles` (`id`) ON DELETE CASCADE
) ENGINE=InnoDB DEFAULT CHARSET=utf8mb4 COLLATE=utf8mb4_unicode_ci;
/*!40101 SET character_set_client = @saved_cs_client */;

--
-- Dumping data for table `role_has_permissions`
--

LOCK TABLES `role_has_permissions` WRITE;
/*!40000 ALTER TABLE `role_has_permissions` DISABLE KEYS */;
INSERT INTO `role_has_permissions` VALUES (1,1),(2,1),(3,1),(4,1),(5,1),(6,1),(7,1),(8,1),(9,1),(9,3),(9,4),(9,5),(10,1),(10,3),(10,5),(11,1),(11,3),(11,5),(12,1),(12,3),(13,1),(13,3),(13,4),(13,5),(14,1),(14,3),(14,5),(15,1),(15,3),(15,5),(16,1),(16,3),(17,1),(17,3),(17,4),(17,5),(18,1),(18,3),(18,5),(19,1),(19,3),(19,5),(20,1),(20,3),(21,1),(21,3),(21,4),(21,5),(22,1),(22,3),(22,5),(23,1),(23,3),(23,5),(24,1),(24,3),(25,1),(25,3),(25,4),(25,5),(26,1),(26,3),(26,5),(27,1),(27,3),(27,5),(28,1),(28,3),(28,5),(29,1),(29,3),(29,4),(29,5),(30,1),(30,3),(30,5),(31,1),(31,3),(31,5),(32,1),(32,3),(33,1),(33,3),(34,1),(35,1),(35,3),(35,4),(36,1),(36,3),(36,4),(37,1),(37,3),(38,1);
/*!40000 ALTER TABLE `role_has_permissions` ENABLE KEYS */;
UNLOCK TABLES;

--
-- Table structure for table `roles`
--

DROP TABLE IF EXISTS `roles`;
/*!40101 SET @saved_cs_client     = @@character_set_client */;
/*!40101 SET character_set_client = utf8 */;
CREATE TABLE `roles` (
  `id` bigint(20) unsigned NOT NULL AUTO_INCREMENT,
  `name` varchar(255) COLLATE utf8mb4_unicode_ci NOT NULL,
  `guard_name` varchar(255) COLLATE utf8mb4_unicode_ci NOT NULL,
  `created_at` timestamp NULL DEFAULT NULL,
  `updated_at` timestamp NULL DEFAULT NULL,
  PRIMARY KEY (`id`),
  UNIQUE KEY `roles_name_guard_name_unique` (`name`,`guard_name`)
) ENGINE=InnoDB AUTO_INCREMENT=6 DEFAULT CHARSET=utf8mb4 COLLATE=utf8mb4_unicode_ci;
/*!40101 SET character_set_client = @saved_cs_client */;

--
-- Dumping data for table `roles`
--

LOCK TABLES `roles` WRITE;
/*!40000 ALTER TABLE `roles` DISABLE KEYS */;
INSERT INTO `roles` VALUES (1,'Super Admin','web','2022-03-15 15:06:30','2022-03-15 15:06:30'),(2,'Admin','web','2022-03-15 15:06:30','2022-03-15 15:06:30'),(3,'Responsable','web','2022-03-15 15:06:30','2022-03-15 15:06:30'),(4,'Coordinateur','web','2022-03-15 15:06:30','2022-03-15 15:06:30'),(5,'Réceptionniste','web','2022-03-15 15:06:30','2022-03-15 15:54:06');
/*!40000 ALTER TABLE `roles` ENABLE KEYS */;
UNLOCK TABLES;

--
-- Table structure for table `users`
--

DROP TABLE IF EXISTS `users`;
/*!40101 SET @saved_cs_client     = @@character_set_client */;
/*!40101 SET character_set_client = utf8 */;
CREATE TABLE `users` (
  `id` bigint(20) unsigned NOT NULL AUTO_INCREMENT,
  `name` varchar(255) COLLATE utf8mb4_unicode_ci NOT NULL,
  `last_name` varchar(255) COLLATE utf8mb4_unicode_ci NOT NULL,
  `email` varchar(255) COLLATE utf8mb4_unicode_ci NOT NULL,
  `email_verified_at` timestamp NULL DEFAULT NULL,
  `password` varchar(255) COLLATE utf8mb4_unicode_ci NOT NULL,
  `is_active` tinyint(1) NOT NULL,
  `avatar` varchar(255) COLLATE utf8mb4_unicode_ci DEFAULT NULL,
  `remember_token` varchar(100) COLLATE utf8mb4_unicode_ci DEFAULT NULL,
  `created_at` timestamp NULL DEFAULT NULL,
  `updated_at` timestamp NULL DEFAULT NULL,
  PRIMARY KEY (`id`),
  UNIQUE KEY `users_email_unique` (`email`)
) ENGINE=InnoDB AUTO_INCREMENT=10 DEFAULT CHARSET=utf8mb4 COLLATE=utf8mb4_unicode_ci;
/*!40101 SET character_set_client = @saved_cs_client */;

--
-- Dumping data for table `users`
--

LOCK TABLES `users` WRITE;
/*!40000 ALTER TABLE `users` DISABLE KEYS */;
INSERT INTO `users` VALUES (2,'faical','rouissi','faical.rouissi@elephant-vert.com',NULL,'$2y$10$cuLtxP.IoD064oFy7pAWJevBSvEPSVUmpsvkuY0U6s/c7DdwuQgKW',1,'user.png',NULL,NULL,NULL),(3,'mohammed oussama','mousaouy','m-o.el-mousaouy@elephant-vert.com',NULL,'$2y$10$6u8Ltegv52PUEaAS9qFnE.4Pqv7/mdXM1POcXxbTQGEpWssERX0d6',1,'user.png',NULL,NULL,'2022-03-15 15:42:20'),(5,'amine','bouslamti','amine.bouslamti@elephant-vert.com',NULL,'$2y$10$pA0UvsR2My1hOHSgpJrw7ePwyCFnQEmsUX1X28VOCyhDRiAzCFaFu',1,'user.png',NULL,NULL,NULL),(6,'asmaa','benhida','asmaa.benhida@elephant-vert.com',NULL,'$2y$10$ZQ7U9OtrPPpiLd7wRO5ug.Uei1tl8.1lP30O/G61LhhSY.l2gGQ9C',1,'user.png',NULL,NULL,NULL),(7,'mohamed','amzad','mohamed.amzad@elephant-vert.com',NULL,'$2y$10$U8EHnNGNurF/sgX2CE9.HezXgCjeTuws2LyLnWvAGbPoZECS.Jp4u',1,'user.png',NULL,NULL,NULL),(8,'fatima','zarrouk','fatima.zarrouk@elephant-vert.com',NULL,'$2y$10$Vzsd8bBXq/jNl4sgNRxB6ePl4GrDF4yG2pFy9b2qIHCHd.t8yN1ga',1,'user.png',NULL,NULL,NULL),(9,'ELABIDI','Mohammed','mohammed.el-abidi@elephant-vert.com',NULL,'$2y$10$Oh.ye60VRbETvXa8yndzS.7Ufw3BHrgWIcj2CNj6gPV7rgnWjZikO',1,'user.png',NULL,'2022-03-15 15:06:30','2022-03-15 15:06:30');
/*!40000 ALTER TABLE `users` ENABLE KEYS */;
UNLOCK TABLES;
/*!40103 SET TIME_ZONE=@OLD_TIME_ZONE */;

/*!40101 SET SQL_MODE=@OLD_SQL_MODE */;
/*!40014 SET FOREIGN_KEY_CHECKS=@OLD_FOREIGN_KEY_CHECKS */;
/*!40014 SET UNIQUE_CHECKS=@OLD_UNIQUE_CHECKS */;
/*!40101 SET CHARACTER_SET_CLIENT=@OLD_CHARACTER_SET_CLIENT */;
/*!40101 SET CHARACTER_SET_RESULTS=@OLD_CHARACTER_SET_RESULTS */;
/*!40101 SET COLLATION_CONNECTION=@OLD_COLLATION_CONNECTION */;
/*!40111 SET SQL_NOTES=@OLD_SQL_NOTES */;

-- Dump completed on 2022-03-30 14:18:11
